번호	파일	오프셋	끝	원문	번역
sun0001	SUN_0SUNL.BIN	5EA2	5EB4	前に進みました。	
sun0002	SUN_0SUNL.BIN	5EB4	5EC8	後ろに戻りました。	
sun0003	SUN_0SUNL.BIN	5EC8	5EDA	右に進みました。	
sun0004	SUN_0SUNL.BIN	5EDA	5EEC	左に進みました。	
sun0005	SUN_0SUNL.BIN	5EEC	5EFC	上がりました。	
sun0006	SUN_0SUNL.BIN	5EFC	5F0A	下りました。	
sun0007	SUN_0SUNL.BIN	5F0A	5F22	そっちへは行けません。	
sun0008	SUN_0SUNL.BIN	5F22	5F32	外へ出ました。	
sun0009	SUN_0SUNL.BIN	5F32	5F58	閉じ込められていて、外へ出れません。	
sun0010	SUN_0SUNL.BIN	5F58	5F7A	体が小さすぎて、外へ出れません。	
sun0011	SUN_0SUNL.BIN	5F7A	5F9A	迷ってしまい、外へ出れません。	
sun0012	SUN_0SUNL.BIN	5F9A	5FC4	おやっ、気分が元に戻ってしまったようだ。	
sun0013	SUN_0SUNL.BIN	5FC4	5FD2	待ちました。	
sun0014	SUN_0SUNL.BIN	5FD2	5FE0	動きません。	
sun0015	SUN_0SUNL.BIN	5FE0	5FEE	使えません。	
sun0016	SUN_0SUNL.BIN	5FEE	5FFC	置きました。	
sun0017	SUN_0SUNL.BIN	5FFC	6012	置いても、無駄です。	
sun0018	SUN_0SUNL.BIN	6012	6020	洗えません。	
sun0019	SUN_0SUNL.BIN	6020	6034	残念、出来ません。	
sun0020	SUN_0SUNL.BIN	6034	6042	壊せません。	
sun0021	SUN_0SUNL.BIN	6042	6050	引けません。	
sun0022	SUN_0SUNL.BIN	6050	605E	押せません。	
sun0023	SUN_0SUNL.BIN	605E	607A	ここでは意味がありません。	
sun0024	SUN_0SUNL.BIN	607A	6088	取りました。	
sun0025	SUN_0SUNL.BIN	6088	6096	取れません。	
sun0026	SUN_0SUNL.BIN	6096	60C0	何か意味ありげですが、全くわかりません。	
sun0027	SUN_0SUNL.BIN	60C0	60FC	タイルがカチリッとはまり、\n壁が上にスライドして行きます。	
sun0028	SUN_0SUNL.BIN	60FC	6122	特に何も変ったところはないようです。	
sun0029	SUN_0SUNL.BIN	6122	613E	片目をつぶったマスクです。	
sun0030	SUN_0SUNL.BIN	613E	6170	マスクの右目には、\n赤の玉がはめ込まれています。	
sun0031	SUN_0SUNL.BIN	6170	61A4	マスクの右目には、\n青の宝珠がはめ込まれています。	
sun0032	SUN_0SUNL.BIN	61A4	61C8	両目が開かれた、豪華なマスクです。	
sun0033	SUN_0SUNL.BIN	61C8	61E8	赤の玉が、はめ込まれています。	
sun0034	SUN_0SUNL.BIN	61E8	620A	青の宝珠が、はめ込まれています。	
sun0035	SUN_0SUNL.BIN	620A	624A	マスクの瞳の部分には、\n赤の玉と青の宝珠がはめ込まれています。	
sun0036	SUN_0SUNL.BIN	624A	6274	尼僧院の老人像から、手に入れたものです。	
sun0037	SUN_0SUNL.BIN	6274	6294	特に変わった点はないようです。	
sun0038	SUN_0SUNL.BIN	6294	62B2	銀の香炉を中央に置きました。	
sun0039	SUN_0SUNL.BIN	62B2	62DE	赤く透き通った、\n直径２ｃｍ程の宝石です。	
sun0040	SUN_0SUNL.BIN	62DE	6300	それはすでにセットされています。	
sun0041	SUN_0SUNL.BIN	6300	6330	マスクの瞳の部分に、\n赤の玉をはめ込みました。	
sun0042	SUN_0SUNL.BIN	6330	637E	長さ１５ｃｍ位の細身の小さな杖で、\n先端に玉があり、砂鉄がついてきています。	
sun0043	SUN_0SUNL.BIN	637E	63B4	小さな杖を使い、\nカギを吸いつけて、取り出しました。	
sun0044	SUN_0SUNL.BIN	63B4	63C6	見ての通りです。	
sun0045	SUN_0SUNL.BIN	63C6	63F0	小さい杖が、真ん中にセットされています。	
sun0046	SUN_0SUNL.BIN	63F0	6448	小さい杖は置かれると、\nクルクル回りはじめましたが、\nやがて一定の位置に止まりました。	
sun0047	SUN_0SUNL.BIN	6448	6478	中に、何か水のようなものが入っているようです。	
sun0048	SUN_0SUNL.BIN	6478	64A0	特に何も変わったところはないようです。	
sun0049	SUN_0SUNL.BIN	64A0	64E2	大きい薬ツボの中身を飲みました。\nおおっ、体が縮小していく・・・	
sun0050	SUN_0SUNL.BIN	64E2	6532	中に、何か水のようなものが入っているようです。\n大きさからして、目薬でしょう。	
sun0051	SUN_0SUNL.BIN	6532	6574	小さい薬ツボの中身を飲みました。\nよかった、体が戻っていきます。	
sun0052	SUN_0SUNL.BIN	6574	658E	普通のバンソーコーです。	
sun0053	SUN_0SUNL.BIN	658E	65C8	ざらざらした原始的なツボです。\n封印されているようです。	
sun0054	SUN_0SUNL.BIN	65C8	65F6	沢山の石片をつないで作った、ツボのようです。	
sun0055	SUN_0SUNL.BIN	65F6	6616	中にコパルが２つ入っています。	
sun0056	SUN_0SUNL.BIN	6616	6634	中に１つのコパルがあります。	
sun0057	SUN_0SUNL.BIN	6634	6688	コパルを一つ取り出し、\n火をつけ、香炉にくべました。\pとてもいい香りがしてきます。	
sun0058	SUN_0SUNL.BIN	6688	66CE	どうやら、黄金で出来ている鏡のようですが、\n汚れており、光りません。	
sun0059	SUN_0SUNL.BIN	66CE	66E6	まぶしく輝いています。	
sun0060	SUN_0SUNL.BIN	66E6	6736	冷たい水に洗われ、黄金の鏡はすっかり\nきれいになり、光を反射して輝いています。	
sun0061	SUN_0SUNL.BIN	6736	67AA	おおっ、\n天井から注ぐ光は、黄金の鏡に反射し、\p紋章の宝石に激しくあたると、\n壁がゆれ、だんだん開いていきました。	
sun0062	SUN_0SUNL.BIN	67AA	67D0	特に何も変ったところはないようです。	
sun0063	SUN_0SUNL.BIN	67D0	6840	ツボは粉々に砕けましたが、\n中から、水晶で出来た物が見つかりました。\pなんと、水晶で出来ているカギのようです。	
sun0064	SUN_0SUNL.BIN	6840	6884	水晶のカギは、ぴったりとくぼみに合いました。\n棺が開いていきます。	
sun0065	SUN_0SUNL.BIN	6884	68E6	おやっ？　中から巻き物が出てきました。\p広げてみましたが、ただの白紙で、\n所々にシミがあります。	
sun0066	SUN_0SUNL.BIN	68E6	6914	巻き物に何かが現れました。\n地図のようです。	
sun0067	SUN_0SUNL.BIN	6914	693E	何か意味ありげですが、全くわかりません。	
sun0068	SUN_0SUNL.BIN	693E	6972	ぼんやりと光っている、\n直径８～１２ｃｍの玉です。	
sun0069	SUN_0SUNL.BIN	6972	699A	玉は、スッポリと台座におさまりました。	
sun0070	SUN_0SUNL.BIN	699A	69CE	銀の玉は少しだけ小さく、\n台にはのらないようです。	
sun0071	SUN_0SUNL.BIN	69CE	69F2	直径１２～１５ｃｍの純金の玉です。	
sun0072	SUN_0SUNL.BIN	69F2	6A00	置きました。	
sun0073	SUN_0SUNL.BIN	6A00	6A50	髙さ４ｃｍ程の台です。台の上には、\n１２～１５ｃｍ位の物をのせられるようです。	
sun0074	SUN_0SUNL.BIN	6A50	6A98	長さ２５ｃｍ位の金の笛ですが、\nあいにく下には穴が開き、壊れています。	
sun0075	SUN_0SUNL.BIN	6A98	6ACE	とりあえず、バンソーコーをはって\n穴をふさぎました。	
sun0076	SUN_0SUNL.BIN	6ACE	6AF8	バンソーコーがはられ、修理されています。	
sun0077	SUN_0SUNL.BIN	6AF8	6B26	下の穴から空気がもって、変な音しかでません。	
sun0078	SUN_0SUNL.BIN	6B26	6B7E	いつも、自分が聴きなれているような\nメロディーを吹くと、\pジャガーが・・・元の姿に？！	
sun0079	SUN_0SUNL.BIN	6B7E	6BA4	特に何も変ったところはないようです。	
sun0080	SUN_0SUNL.BIN	6BA4	6BE6	変な音しかでません。\nこれ以上吹いても、気分が悪くなるだけです。	
sun0081	SUN_0SUNL.BIN	6BE6	6C14	笛の音が建物の中に署きました。\nすると・・・	
sun0082	SUN_0SUNL.BIN	6C14	6C36	神秘的な２ｃｍ程の青い宝石です。	
sun0083	SUN_0SUNL.BIN	6C36	6C68	青の宝珠を\nマスクの瞳の部分に、はめ込みました。	
sun0084	SUN_0SUNL.BIN	6C68	6C82	ただの青い石みたいです。	
sun0085	SUN_0SUNL.BIN	6C82	6CAA	青いブロックがはまり、壁が開きました。	
sun0086	SUN_0SUNL.BIN	6CAA	6CF4	青いブロックがピタリとはまり、\n床がかすかにゆれると、入口が現れました。	
sun0087	SUN_0SUNL.BIN	6CF4	6D12	歯車を固定している石片です。	
sun0088	SUN_0SUNL.BIN	6D12	6D30	歯止めが軸に固定されました。	
sun0089	SUN_0SUNL.BIN	6D30	6D66	歯止めをはめました。\nしかし、何も変化はおきません。	
sun0090	SUN_0SUNL.BIN	6D66	6D98	取っ手がついており、\n回せるようになっています。	
sun0091	SUN_0SUNL.BIN	6D98	6DC2	ハンドルは軸にしっかりはまったようです。	
sun0092	SUN_0SUNL.BIN	6DC2	6DE4	軸が折れていて、固定できません。	
sun0093	SUN_0SUNL.BIN	6DE4	6E08	大きさが２０ｃｍ程の銀のカギです。	
sun0094	SUN_0SUNL.BIN	6E08	6E40	カチッと、音がしたようです。\nふたが閉まっていきます。	
sun0095	SUN_0SUNL.BIN	6E40	6E5A	ただの白い石みたいです。	
sun0096	SUN_0SUNL.BIN	6E5A	6E9E	両目を開けた人頭の造りものです。\n残念ながら、性別はわかりません。	
sun0097	SUN_0SUNL.BIN	6E9E	6ED2	銀の首を像に置くと、\n手前の床に入口が開きました。	
sun0098	SUN_0SUNL.BIN	6ED2	6F18	穴に入るくらいですから、\n本当に小さいものです。サビがういています。	
sun0099	SUN_0SUNL.BIN	6F18	6F5A	小さなカギを使うと、\nガチャンという音がして、神殿がゆれました。	
sun0100	SUN_0SUNL.BIN	6F5A	6F8C	太陽のカギの名に\nふさわしい輝きを見せています。	
sun0101	SUN_0SUNL.BIN	6F90	6FCA	そっちに行ったら、\nジャガーに食べられてしまいますよ！！	
sun0102	SUN_0SUNL.BIN	6FCA	6FE2	ジャガーが現れました！	
sun0103	SUN_0SUNL.BIN	6FE2	7034	真青なジャガーです。\p今まさに飛びかかろうとしています。\nはやく、逃げなくては！	
sun0104	SUN_0SUNL.BIN	8ED0	8F0A	髙僧の墓と呼ばれる建物なのに、\n部屋には何もありません。	
sun0105	SUN_0SUNL.BIN	8F0A	8F44	髙僧の墓と呼ばれる建物なのに、\n部屋には何もありません。	
sun0106	SUN_0SUNL.BIN	8F44	8F6C	やや髙い天井で、３メートルはあります。	
sun0107	SUN_0SUNL.BIN	8F6C	8F82	何も落ちていません。	
sun0108	SUN_0SUNL.BIN	8F82	8FAA	何の飾りもない、一般的な壁のようです。	
sun0109	SUN_0SUNL.BIN	8FAA	8FC8	おぉっ、右側の壁が・・・・・	
sun0110	SUN_0SUNL.BIN	8FC8	8FEA	隠し扉が開かれた、髙僧の墓です。	
sun0111	SUN_0SUNL.BIN	8FEA	900A	厚い岩板で出来ているようです。	
sun0112	SUN_0SUNL.BIN	900A	9032	右側の壁は、回転式の隠し扉のようです。	
sun0113	SUN_0SUNL.BIN	9032	906C	そんなに見なくても、落ちてきませんよ。\n安心しましょう。	
sun0114	SUN_0SUNL.BIN	906C	9090	特に変わりはないようですが・・・・	
sun0115	SUN_0SUNL.BIN	9090	90A4	扉が閉まりました。	
sun0116	SUN_0SUNL.BIN	90A4	90D8	うす暗い部屋です。\n中程に石棺が、置かれています。	
sun0117	SUN_0SUNL.BIN	90D8	90FC	なめらかに、研かれた床のようです。	
sun0118	SUN_0SUNL.BIN	90FC	9138	全面に模様が刻まれ、\nぶ厚い石板で封じられているようです。	
sun0119	SUN_0SUNL.BIN	9138	9174	うす暗くてあまりよくわかりませんが、\nただの壁のようです。	
sun0120	SUN_0SUNL.BIN	9174	91B4	色々な形、大きさのタイルが\n一面に貼りつけられているようです。	
sun0121	SUN_0SUNL.BIN	91B4	91E2	むちゃな、\n十人かかったって、動きませんよ。	
sun0122	SUN_0SUNL.BIN	91E2	91F4	何もありません。	
sun0123	SUN_0SUNL.BIN	91F4	9226	石棺を動かすと、\n下に通路らしき穴がありました。	
sun0124	SUN_0SUNL.BIN	9226	9240	棺を封じている石板です。	
sun0125	SUN_0SUNL.BIN	9240	927C	全面に模様が刻まれ、\nぶ厚い石板で封じられているようです。	
sun0126	SUN_0SUNL.BIN	927C	92B4	意味があるのかもしれませんが、\nさっぱりわかりません。	
sun0127	SUN_0SUNL.BIN	92B4	92D0	一つだけやけに目立ちます。	
sun0128	SUN_0SUNL.BIN	92D0	92F2	いちばん目立ったのが取れました。	
sun0129	SUN_0SUNL.BIN	92F2	9332	おぉっ、引きずるような音をたて、\n石棺がひとりでに開きました。	
sun0130	SUN_0SUNL.BIN	9332	9376	石棺の中があらわになっています。\nミイラが収められているようです。	
sun0131	SUN_0SUNL.BIN	9376	93AE	石棺の中には、\nマスクをかぶったミイラが眠っています。	
sun0132	SUN_0SUNL.BIN	93AE	93E2	片目を開けているマスクで、\nひょうきんに見えます。	
sun0133	SUN_0SUNL.BIN	93E2	942C	ミイラは、すでにホネになっています。\n顔には、マスクがつけられています。	
sun0134	SUN_0SUNL.BIN	942C	946A	色々な形、大きさのタイルが\n一面に貼つけられているようです。	
sun0135	SUN_0SUNL.BIN	946A	9478	取りました。	
sun0136	SUN_0SUNL.BIN	9478	94BC	石棺の中があらわになっています。\nミイラが収められているようです。	
sun0137	SUN_0SUNL.BIN	94BC	94E4	いつか自分も、ああなるんですねぇ・・・	
sun0138	SUN_0SUNL.BIN	94E4	950C	いつか自分も、ああなるんですねぇ・・・	
sun0139	SUN_0SUNL.BIN	950C	9518	ホネです。	
sun0140	SUN_0SUNL.BIN	9518	9540	いつか自分も、ああなるんですねぇ・・・	
sun0141	SUN_0SUNL.BIN	9540	9574	恐る、恐る動かすと、\nガイコツの下に何か見えます。	
sun0142	SUN_0SUNL.BIN	9574	95A4	ガイコツを動かした所です。\n穴があるようです。	
sun0143	SUN_0SUNL.BIN	95A4	95C8	特に変わったところはないようです。	
sun0144	SUN_0SUNL.BIN	95C8	9606	ガイコツの下で見つかった穴は、\nどうやら、カギ穴のようです。	
sun0145	SUN_0SUNL.BIN	9606	9620	ふたが閉まっていきます。	
sun0146	SUN_0SUNL.BIN	9620	9648	下に通じる通路のようなものがあります。	
sun0147	SUN_0SUNL.BIN	9648	9684	どこに通じているかは知りませんが、\n下に行けるみたいです。	
sun0148	SUN_0SUNL.BIN	9684	96A8	特に変わりはないようですが・・・・	
sun0149	SUN_0SUNL.BIN	96A8	96C0	元の場所に戻しました。	
sun0150	SUN_0SUNL.BIN	96C0	9726	ゴゴゴッと、大きな音がすると、\n墓の入口は、閉まってしまいました。\p不思議と明るい所に出てきました。	
sun0151	SUN_0SUNL.BIN	9726	9750	天井から、不思議な光が棺に注いでいます。	
sun0152	SUN_0SUNL.BIN	9750	9770	なめらかで、つやのある床です。	
sun0153	SUN_0SUNL.BIN	9770	979C	透明な棺のようです。死者がすけて見えます。	
sun0154	SUN_0SUNL.BIN	979C	97CE	なんと、壁が光っています。\n壁に模様があります。	
sun0155	SUN_0SUNL.BIN	97CE	97DC	とれません。	
sun0156	SUN_0SUNL.BIN	97DC	9836	宝石を見ていると、まるでブラックホールのように\n吸いこまれてしまいそうな気分になります。	
sun0157	SUN_0SUNL.BIN	9836	986E	壁にある紋章は、\n真ん中に真黒な宝石がはまっています。	
sun0158	SUN_0SUNL.BIN	986E	98AA	壁にある模様は、\nどうやら、宝石のはまった紋章のようです。	
sun0159	SUN_0SUNL.BIN	98AA	98CA	人が通れるくらいの大きさです。	
sun0160	SUN_0SUNL.BIN	98CA	98EE	正面の壁が開き、入口が現れました。	
sun0161	SUN_0SUNL.BIN	98EE	990A	真ん中に棺があるだけです。	
sun0162	SUN_0SUNL.BIN	990A	9938	透明な棺のようです。\n死者が透けて見えます。	
sun0163	SUN_0SUNL.BIN	9938	997A	棺です。しかし、どうやってこんなものを\n作ったのでしょうか・・・	
sun0164	SUN_0SUNL.BIN	997A	99B4	ガラスのようにも見える棺です。\n端に、くぼみがあります。	
sun0165	SUN_0SUNL.BIN	99B4	99DE	特に変わったところは、ありませんが・・・	
sun0166	SUN_0SUNL.BIN	99DE	9A20	まるで、眠っているようにしか見えません。\nマスクをつけています。	
sun0167	SUN_0SUNL.BIN	9A20	9A52	棺が開いています。\n彼がきっと髙僧なのでしょう。	
sun0168	SUN_0SUNL.BIN	9A52	9A82	棺が開かれ、\n死者の姿があらわになっています。	
sun0169	SUN_0SUNL.BIN	9A82	9AAA	両目が開いた、ゴージャスなマスクです。	
sun0170	SUN_0SUNL.BIN	9AAA	9AD6	衣に身を包み、単に眠っているかのようです。	
sun0171	SUN_0SUNL.BIN	9AD6	9AE4	取りました。	
sun0172	SUN_0SUNL.BIN	9AE4	9B14	棺が開かれ、\n死者の姿があらわになっています。	
sun0173	SUN_0SUNL.BIN	9B14	9B46	棺が開いています。\n彼がきっと髙僧なのでしょう。	
sun0174	SUN_0SUNL.BIN	9B46	9B96	本当に死者なのでしょうか？　安らかな顔です。\n身分の髙さが、ただよっています。	
sun0175	SUN_0SUNL.BIN	9B96	9BC2	衣に身を包み、単に眠っているかのようです。	
sun0176	SUN_0SUNL.BIN	9BC2	9BE4	カスティーリョの地下に出ました。	
sun0177	SUN_0SUNL.BIN	9BE4	9C12	髙僧の墓の中です。\n中にはジャガーがいます。	
sun0178	SUN_0SUNL.BIN	9C12	9C24	前に進みました。	
sun0179	SUN_0SUNL.BIN	9C24	9C38	後ろに戻りました。	
sun0180	SUN_0SUNL.BIN	9C38	9C4A	右に進みました。	
sun0181	SUN_0SUNL.BIN	9C4A	9C5C	左に進みました。	
sun0182	SUN_0SUNL.BIN	9C5C	9C6C	上がりました。	
sun0183	SUN_0SUNL.BIN	9C6C	9C7A	下りました。	
sun0184	SUN_0SUNL.BIN	9C7A	9C92	そっちへは行けません。	
sun0185	SUN_0SUNL.BIN	9C92	9CA2	外へ出ました。	
sun0186	SUN_0SUNL.BIN	9CA2	9CC8	閉じ込められていて、外へ出れません。	
sun0187	SUN_0SUNL.BIN	9CC8	9CEA	体が小さすぎて、外へ出れません。	
sun0188	SUN_0SUNL.BIN	9CEA	9D0A	迷ってしまい、外へ出れません。	
sun0189	SUN_0SUNL.BIN	9D0A	9D34	おやっ、気分が元に戻ってしまったようだ。	
sun0190	SUN_0SUNL.BIN	9D34	9D42	待ちました。	
sun0191	SUN_0SUNL.BIN	9D42	9D50	動きません。	
sun0192	SUN_0SUNL.BIN	9D50	9D5E	使えません。	
sun0193	SUN_0SUNL.BIN	9D5E	9D6C	置きました。	
sun0194	SUN_0SUNL.BIN	9D6C	9D82	置いても、無駄です。	
sun0195	SUN_0SUNL.BIN	9D82	9D90	洗えません。	
sun0196	SUN_0SUNL.BIN	9D90	9DA4	残念、出来ません。	
sun0197	SUN_0SUNL.BIN	9DA4	9DB2	壊せません。	
sun0198	SUN_0SUNL.BIN	9DB2	9DC0	引けません。	
sun0199	SUN_0SUNL.BIN	9DC0	9DCE	押せません。	
sun0200	SUN_0SUNL.BIN	9DCE	9DEA	ここでは意味がありません。	
sun0201	SUN_0SUNL.BIN	9DEA	9DF8	取りました。	
sun0202	SUN_0SUNL.BIN	9DF8	9E06	取れません。	
sun0203	SUN_0SUNL.BIN	9E06	9E30	何か意味ありげですが、全くわかりません。	
sun0204	SUN_0SUNL.BIN	9E30	9E6C	タイルがカチリッとはまり、\n壁が上にスライドして行きます。	
sun0205	SUN_0SUNL.BIN	9E6C	9E92	特に何も変ったところはないようです。	
sun0206	SUN_0SUNL.BIN	9E92	9EAE	片目をつぶったマスクです。	
sun0207	SUN_0SUNL.BIN	9EAE	9EE0	マスクの右目には、\n赤の玉がはめ込まれています。	
sun0208	SUN_0SUNL.BIN	9EE0	9F14	マスクの右目には、\n青の宝珠がはめ込まれています。	
sun0209	SUN_0SUNL.BIN	9F14	9F38	両目が開かれた、豪華なマスクです。	
sun0210	SUN_0SUNL.BIN	9F38	9F58	赤の玉が、はめ込まれています。	
sun0211	SUN_0SUNL.BIN	9F58	9F7A	青の宝珠が、はめ込まれています。	
sun0212	SUN_0SUNL.BIN	9F7A	9FBA	マスクの瞳の部分には、\n赤の玉と青の宝珠がはめ込まれています。	
sun0213	SUN_0SUNL.BIN	9FBA	9FE4	尼僧院の老人像から、手に入れたものです。	
sun0214	SUN_0SUNL.BIN	9FE4	A004	特に変わった点はないようです。	
sun0215	SUN_0SUNL.BIN	A004	A022	銀の香炉を中央に置きました。	
sun0216	SUN_0SUNL.BIN	A022	A04E	赤く透き通った、\n直径２ｃｍ程の宝石です。	
sun0217	SUN_0SUNL.BIN	A04E	A070	それはすでにセットされています。	
sun0218	SUN_0SUNL.BIN	A070	A0A0	マスクの瞳の部分に、\n赤の玉をはめ込みました。	
sun0219	SUN_0SUNL.BIN	A0A0	A0EE	長さ１５ｃｍ位の細身の小さな杖で、\n先端に玉があり、砂鉄がついてきています。	
sun0220	SUN_0SUNL.BIN	A0EE	A124	小さな杖を使い、\nカギを吸いつけて、取り出しました。	
sun0221	SUN_0SUNL.BIN	A124	A136	見ての通りです。	
sun0222	SUN_0SUNL.BIN	A136	A160	小さい杖が、真ん中にセットされています。	
sun0223	SUN_0SUNL.BIN	A160	A1B8	小さい杖は置かれると、\nクルクル回りはじめましたが、\nやがて一定の位置に止まりました。	
sun0224	SUN_0SUNL.BIN	A1B8	A1E8	中に、何か水のようなものが入っているようです。	
sun0225	SUN_0SUNL.BIN	A1E8	A210	特に何も変わったところはないようです。	
sun0226	SUN_0SUNL.BIN	A210	A252	大きい薬ツボの中身を飲みました。\nおおっ、体が縮小していく・・・	
sun0227	SUN_0SUNL.BIN	A252	A2A2	中に、何か水のようなものが入っているようです。\n大きさからして、目薬でしょう。	
sun0228	SUN_0SUNL.BIN	A2A2	A2E4	小さい薬ツボの中身を飲みました。\nよかった、体が戻っていきます。	
sun0229	SUN_0SUNL.BIN	A2E4	A2FE	普通のバンソーコーです。	
sun0230	SUN_0SUNL.BIN	A2FE	A338	ざらざらした原始的なツボです。\n封印されているようです。	
sun0231	SUN_0SUNL.BIN	A338	A366	沢山の石片をつないで作った、ツボのようです。	
sun0232	SUN_0SUNL.BIN	A366	A386	中にコパルが２つ入っています。	
sun0233	SUN_0SUNL.BIN	A386	A3A4	中に１つのコパルがあります。	
sun0234	SUN_0SUNL.BIN	A3A4	A3F8	コパルを一つ取り出し、\n火をつけ、香炉にくべました。\pとてもいい香りがしてきます。	
sun0235	SUN_0SUNL.BIN	A3F8	A43E	どうやら、黄金で出来ている鏡のようですが、\n汚れており、光りません。	
sun0236	SUN_0SUNL.BIN	A43E	A456	まぶしく輝いています。	
sun0237	SUN_0SUNL.BIN	A456	A4A6	冷たい水に洗われ、黄金の鏡はすっかり\nきれいになり、光を反射して輝いています。	
sun0238	SUN_0SUNL.BIN	A4A6	A51A	おおっ、\n天井から注ぐ光は、黄金の鏡に反射し、\p紋章の宝石に激しくあたると、\n壁がゆれ、だんだん開いていきました。	
sun0239	SUN_0SUNL.BIN	A51A	A540	特に何も変ったところはないようです。	
sun0240	SUN_0SUNL.BIN	A540	A5B0	ツボは粉々に砕けましたが、\n中から、水晶で出来た物が見つかりました。\pなんと、水晶で出来ているカギのようです。	
sun0241	SUN_0SUNL.BIN	A5B0	A5F4	水晶のカギは、ぴったりとくぼみに合いました。\n棺が開いていきます。	
sun0242	SUN_0SUNL.BIN	A5F4	A656	おやっ？　中から巻き物が出てきました。\p広げてみましたが、ただの白紙で、\n所々にシミがあります。	
sun0243	SUN_0SUNL.BIN	A656	A684	巻き物に何かが現れました。\n地図のようです。	
sun0244	SUN_0SUNL.BIN	A684	A6AE	何か意味ありげですが、全くわかりません。	
sun0245	SUN_0SUNL.BIN	A6AE	A6E2	ぼんやりと光っている、\n直径８～１２ｃｍの玉です。	
sun0246	SUN_0SUNL.BIN	A6E2	A70A	玉は、スッポリと台座におさまりました。	
sun0247	SUN_0SUNL.BIN	A70A	A73E	銀の玉は少しだけ小さく、\n台にはのらないようです。	
sun0248	SUN_0SUNL.BIN	A73E	A762	直径１２～１５ｃｍの純金の玉です。	
sun0249	SUN_0SUNL.BIN	A762	A770	置きました。	
sun0250	SUN_0SUNL.BIN	A770	A7C0	髙さ４ｃｍ程の台です。台の上には、\n１２～１５ｃｍ位の物をのせられるようです。	
sun0251	SUN_0SUNL.BIN	A7C0	A808	長さ２５ｃｍ位の金の笛ですが、\nあいにく下には穴が開き、壊れています。	
sun0252	SUN_0SUNL.BIN	A808	A83E	とりあえず、バンソーコーをはって\n穴をふさぎました。	
sun0253	SUN_0SUNL.BIN	A83E	A868	バンソーコーがはられ、修理されています。	
sun0254	SUN_0SUNL.BIN	A868	A896	下の穴から空気がもって、変な音しかでません。	
sun0255	SUN_0SUNL.BIN	A896	A8EE	いつも、自分が聴きなれているような\nメロディーを吹くと、\pジャガーが・・・元の姿に？！	
sun0256	SUN_0SUNL.BIN	A8EE	A914	特に何も変ったところはないようです。	
sun0257	SUN_0SUNL.BIN	A914	A956	変な音しかでません。\nこれ以上吹いても、気分が悪くなるだけです。	
sun0258	SUN_0SUNL.BIN	A956	A984	笛の音が建物の中に署きました。\nすると・・・	
sun0259	SUN_0SUNL.BIN	A984	A9A6	神秘的な２ｃｍ程の青い宝石です。	
sun0260	SUN_0SUNL.BIN	A9A6	A9D8	青の宝珠を\nマスクの瞳の部分に、はめ込みました。	
sun0261	SUN_0SUNL.BIN	A9D8	A9F2	ただの青い石みたいです。	
sun0262	SUN_0SUNL.BIN	A9F2	AA1A	青いブロックがはまり、壁が開きました。	
sun0263	SUN_0SUNL.BIN	AA1A	AA64	青いブロックがピタリとはまり、\n床がかすかにゆれると、入口が現れました。	
sun0264	SUN_0SUNL.BIN	AA64	AA82	歯車を固定している石片です。	
sun0265	SUN_0SUNL.BIN	AA82	AAA0	歯止めが軸に固定されました。	
sun0266	SUN_0SUNL.BIN	AAA0	AAD6	歯止めをはめました。\nしかし、何も変化はおきません。	
sun0267	SUN_0SUNL.BIN	AAD6	AB08	取っ手がついており、\n回せるようになっています。	
sun0268	SUN_0SUNL.BIN	AB08	AB32	ハンドルは軸にしっかりはまったようです。	
sun0269	SUN_0SUNL.BIN	AB32	AB54	軸が折れていて、固定できません。	
sun0270	SUN_0SUNL.BIN	AB54	AB78	大きさが２０ｃｍ程の銀のカギです。	
sun0271	SUN_0SUNL.BIN	AB78	ABB0	カチッと、音がしたようです。\nふたが閉まっていきます。	
sun0272	SUN_0SUNL.BIN	ABB0	ABCA	ただの白い石みたいです。	
sun0273	SUN_0SUNL.BIN	ABCA	AC0E	両目を開けた人頭の造りものです。\n残念ながら、性別はわかりません。	
sun0274	SUN_0SUNL.BIN	AC0E	AC42	銀の首を像に置くと、\n手前の床に入口が開きました。	
sun0275	SUN_0SUNL.BIN	AC42	AC88	穴に入るくらいですから、\n本当に小さいものです。サビがういています。	
sun0276	SUN_0SUNL.BIN	AC88	ACCA	小さなカギを使うと、\nガチャンという音がして、神殿がゆれました。	
sun0277	SUN_0SUNL.BIN	ACCA	ACFC	太陽のカギの名に\nふさわしい輝きを見せています。	
sun0278	SUN_0SUNL.BIN	AD00	AD3A	そっちに行ったら、\nジャガーに食べられてしまいますよ！！	
sun0279	SUN_0SUNL.BIN	AD3A	AD52	ジャガーが現れました！	
sun0280	SUN_0SUNL.BIN	AD52	ADA4	真青なジャガーです。\p今まさに飛びかかろうとしています。\nはやく、逃げなくては！	
sun0281	SUN_0SUNL.BIN	CEB0	CEC6	カスティーリョです。	
sun0282	SUN_0SUNL.BIN	CEC6	CF02	別名、ククルカンの神殿とも呼ばれる、\nカスティーリョです。	
sun0283	SUN_0SUNL.BIN	CF02	CF34	あちらこちらで、しっくいが\nはがれている壁です。	
sun0284	SUN_0SUNL.BIN	CF34	CF4E	中程にくぼみがあります。	
sun0285	SUN_0SUNL.BIN	CF4E	CF82	大きさが３×５ｃｍ、\n深さが３～５ｃｍ位の穴です。	
sun0286	SUN_0SUNL.BIN	CF82	CFA6	下へ降りられる階段があるようです。	
sun0287	SUN_0SUNL.BIN	CFA6	CFD6	しっくいが、\nボロボロ落ちてきそうな天井です。	
sun0288	SUN_0SUNL.BIN	CFD6	D002	すると、地下への入口が閉じてしまいました。	
sun0289	SUN_0SUNL.BIN	D002	D03E	暗くてよくわかりませんが、\n奧の方まで続いているようです。	
sun0290	SUN_0SUNL.BIN	D03E	D05E	見ている通りの形をしています。	
sun0291	SUN_0SUNL.BIN	D05E	D07E	特に変わった所はないようです。	
sun0292	SUN_0SUNL.BIN	D07E	D0C0	床にある穴を見ています。\nそんなに怪しい穴では、なさそうですが？	
sun0293	SUN_0SUNL.BIN	D0C0	D102	床のくぼみの部分に、\n青いブロックがピッタリと、はまっています。	
sun0294	SUN_0SUNL.BIN	D102	D140	冷たい石の床です。\nくぼみに青いブロックが、はまっています。	
sun0295	SUN_0SUNL.BIN	D140	D176	行き止まりです。\n眼前に、壁が立ちふさがっています。	
sun0296	SUN_0SUNL.BIN	D176	D1A6	しっくいが、\nはげ落ちてきそうな古い天井です。	
sun0297	SUN_0SUNL.BIN	D1A6	D1BA	何もないようです。	
sun0298	SUN_0SUNL.BIN	D1BA	D1F2	目の前に立ちふさがっています。\n壁にくぼみがあります。	
sun0299	SUN_0SUNL.BIN	D1F2	D23A	変なくぼみが壁にあります。\nどこかで、似たようなのを見ませんでしたか？	
sun0300	SUN_0SUNL.BIN	D23A	D264	隠し扉が開かれ、財宝室へと続いています。	
sun0301	SUN_0SUNL.BIN	D264	D284	壁が上にスライドして行きます。	
sun0302	SUN_0SUNL.BIN	D284	D2CE	秘密の財宝室です。\p金の山、つぼ、石の箱があり、\n婦人像が立っています。	
sun0303	SUN_0SUNL.BIN	D2CE	D306	きれいにしっくいが塗られ、\nよく保たれているようです。	
sun0304	SUN_0SUNL.BIN	D306	D33E	中に小さな杖があります。\n取ると砂鉄がついてきました。	
sun0305	SUN_0SUNL.BIN	D33E	D350	何もありません。	
sun0306	SUN_0SUNL.BIN	D350	D384	残念、底に大きな穴があいており、\n何もありません。	
sun0307	SUN_0SUNL.BIN	D384	D398	底はからっぽです。	
sun0308	SUN_0SUNL.BIN	D398	D3DE	暗い中をのぞこうとして、\n頭をぶつけてしまいました。何もありません。	
sun0309	SUN_0SUNL.BIN	D3DE	D402	これ全部でいくらになるのでしょう。	
sun0310	SUN_0SUNL.BIN	D402	D430	沢山の石片をつないで作った、ツボのようです。	
sun0311	SUN_0SUNL.BIN	D430	D466	おかしな形をしていますが、\nこれでも香炉のようです。	
sun0312	SUN_0SUNL.BIN	D466	D4AC	どうやら、黄金で出来ている鏡のようですが、\n汚れており、光りません。	
sun0313	SUN_0SUNL.BIN	D4AC	D4E4	真ん中に、ピンのようなものが立っている\n変なカメです。	
sun0314	SUN_0SUNL.BIN	D4E4	D514	中に、何か水のようなものが入っているようです。	
sun0315	SUN_0SUNL.BIN	D514	D564	中に、何か水のようなものが入っているようです。\n大きさからして、目薬でしょう。	
sun0316	SUN_0SUNL.BIN	D564	D58A	箱を開けると、皮袋が入っていました。	
sun0317	SUN_0SUNL.BIN	D58A	D59C	何もありません。	
sun0318	SUN_0SUNL.BIN	D59C	D5EC	髙さ４ｃｍ程の台です。台の上には、\n１２～１５ｃｍ位の物をのせられるようです。	
sun0319	SUN_0SUNL.BIN	D5EC	D626	ざらざらした原始的なツボです。\n封印されているようです。	
sun0320	SUN_0SUNL.BIN	D626	D666	首から上がない婦人像です。\nまるで宝を守っているかのようです。	
sun0321	SUN_0SUNL.BIN	D666	D68C	婦人像には、銀の首が置かれています。	
sun0322	SUN_0SUNL.BIN	D68C	D6B2	婦人像には、金の首が置かれています。	
sun0323	SUN_0SUNL.BIN	D6B2	D6EE	さすがに財宝室だけあって、\n一点のシミすら見あたりません。	
sun0324	SUN_0SUNL.BIN	D6EE	D730	財宝であふれています。\n金銀の山、沢山のツボや石の箱で一杯です。	
sun0325	SUN_0SUNL.BIN	D730	D75A	中を調べましたが、何もありませんでした。	
sun0326	SUN_0SUNL.BIN	D75A	D792	中をのぞきこみ、よく調べましたが、\n何もないようです。	
sun0327	SUN_0SUNL.BIN	D792	D7AE	中は、からっぽのツボです。	
sun0328	SUN_0SUNL.BIN	D7AE	D7E6	怪しいところは、ないようです。\n何も、入っていません。	
sun0329	SUN_0SUNL.BIN	D7E6	D802	特に、何も入っていません。	
sun0330	SUN_0SUNL.BIN	D802	D846	手頃なものを取ろうとかきわけると、\n中に赤い宝石が見つかりました。	
sun0331	SUN_0SUNL.BIN	D846	D872	カスティーリョです。\n床に階段があります。	
sun0332	SUN_0SUNL.BIN	D872	D884	古ぼけた壁です。	
sun0333	SUN_0SUNL.BIN	D884	D8C6	どこに通じているのかは、わかりませんが\n下には行けるみたいです。	
sun0334	SUN_0SUNL.BIN	D8C6	D8DC	穴にはまっています。	
sun0335	SUN_0SUNL.BIN	D8DC	D8F8	下に通じる階段があります。	
sun0336	SUN_0SUNL.BIN	D8F8	D912	下に通じているようです。	
sun0337	SUN_0SUNL.BIN	D912	D942	しっくいが、\nはげ落ちてきそうな古い天井です。	
sun0338	SUN_0SUNL.BIN	D942	D986	カスティーリョの地下室です。\n壁に何かのメカニズムがあるようです。	
sun0339	SUN_0SUNL.BIN	D986	D9B6	しっくいが、\nはげ落ちてきそうな古い天井です。	
sun0340	SUN_0SUNL.BIN	D9B6	D9E8	取っ手がついており、\n回せるようになっています。	
sun0341	SUN_0SUNL.BIN	D9E8	DA12	何か、部品がついていたと思われる軸です。	
sun0342	SUN_0SUNL.BIN	DA12	DA4C	いくつかの歯車がかみあい、\nハンドルに連動するようです。	
sun0343	SUN_0SUNL.BIN	DA4C	DA98	歯車です。ハンドルを支える軸は折れており、\nもう、動かすことは出来ません。	
sun0344	SUN_0SUNL.BIN	DA98	DAC2	何も変わったところがない、ただの床です。	
sun0345	SUN_0SUNL.BIN	DAC2	DAF0	いくつかの歯車が、壁にすえ付けられています。	
sun0346	SUN_0SUNL.BIN	DAF0	DB38	回すとガラゴロ音がしましたが、\n手をはなすと勝手に戻ってしまいました。	
sun0347	SUN_0SUNL.BIN	DB38	DB7A	ガラゴロ音がすると、\n床下でゴーっと、すごい音が署き始めました。	
sun0348	SUN_0SUNL.BIN	DB7A	DB9A	これ以上は、動かないようです。	
sun0349	SUN_0SUNL.BIN	DB9A	DBE0	石のハンドルは取れましたが、\n支えていた軸を折ってしまったようです。	
sun0350	SUN_0SUNL.BIN	DBE0	DBFE	手前の床に入口が開きました。	
sun0351	SUN_0SUNL.BIN	DBFE	DC18	婦人像に置かれています。	
sun0352	SUN_0SUNL.BIN	DC18	DC32	下に通じているようです。	
sun0353	SUN_0SUNL.BIN	DC32	DC44	とっ、取れない！	
sun0354	SUN_0SUNL.BIN	DC44	DC78	銀の首を取ると、\n床の入口が閉まってしまいました。	
sun0355	SUN_0SUNL.BIN	DC78	DCB0	四方壁に囲まれた部屋です。\n天井に出口が開いています。	
sun0356	SUN_0SUNL.BIN	DCB0	DCE8	天井には出口が開いており、\n階段を上がれば出られます。	
sun0357	SUN_0SUNL.BIN	DCE8	DD02	財宝室に通じる階段です。	
sun0358	SUN_0SUNL.BIN	DD02	DD14	何もありません。	
sun0359	SUN_0SUNL.BIN	DD14	DD2A	天井に開いています。	
sun0360	SUN_0SUNL.BIN	DD2A	DD5A	特に変わったところはない、\nごく普通の壁です。	
sun0361	SUN_0SUNL.BIN	DD5A	DD7E	後ろで出口が閉まってしまいました。	
sun0362	SUN_0SUNL.BIN	DD7E	DD9A	四方壁に囲まれた密室です。	
sun0363	SUN_0SUNL.BIN	DD9A	DDC6	階段があるのに天井は穴の一つもありません。	
sun0364	SUN_0SUNL.BIN	DDC6	DDEA	天井に上がれるようになっています。	
sun0365	SUN_0SUNL.BIN	DDEA	DE10	何も変ったところがないただの床です。	
sun0366	SUN_0SUNL.BIN	DE10	DE30	特に変った点は見あたりません。	
sun0367	SUN_0SUNL.BIN	DE30	DE68	出口がありません。\nどうやら、閉じ込められたようです。	
sun0368	SUN_0SUNL.BIN	DE68	DE9C	カスティーリョの中です。\n中にはジャガーがいます。	
sun0369	SUN_0SUNL.BIN	DE9C	DEAE	前に進みました。	
sun0370	SUN_0SUNL.BIN	DEAE	DEC2	後ろに戻りました。	
sun0371	SUN_0SUNL.BIN	DEC2	DED4	右に進みました。	
sun0372	SUN_0SUNL.BIN	DED4	DEE6	左に進みました。	
sun0373	SUN_0SUNL.BIN	DEE6	DEF6	上がりました。	
sun0374	SUN_0SUNL.BIN	DEF6	DF04	下りました。	
sun0375	SUN_0SUNL.BIN	DF04	DF1C	そっちへは行けません。	
sun0376	SUN_0SUNL.BIN	DF1C	DF2C	外へ出ました。	
sun0377	SUN_0SUNL.BIN	DF2C	DF52	閉じ込められていて、外へ出れません。	
sun0378	SUN_0SUNL.BIN	DF52	DF74	体が小さすぎて、外へ出れません。	
sun0379	SUN_0SUNL.BIN	DF74	DF94	迷ってしまい、外へ出れません。	
sun0380	SUN_0SUNL.BIN	DF94	DFBE	おやっ、気分が元に戻ってしまったようだ。	
sun0381	SUN_0SUNL.BIN	DFBE	DFCC	待ちました。	
sun0382	SUN_0SUNL.BIN	DFCC	DFDA	動きません。	
sun0383	SUN_0SUNL.BIN	DFDA	DFE8	使えません。	
sun0384	SUN_0SUNL.BIN	DFE8	DFF6	置きました。	
sun0385	SUN_0SUNL.BIN	DFF6	E00C	置いても、無駄です。	
sun0386	SUN_0SUNL.BIN	E00C	E01A	洗えません。	
sun0387	SUN_0SUNL.BIN	E01A	E02E	残念、出来ません。	
sun0388	SUN_0SUNL.BIN	E02E	E03C	壊せません。	
sun0389	SUN_0SUNL.BIN	E03C	E04A	引けません。	
sun0390	SUN_0SUNL.BIN	E04A	E058	押せません。	
sun0391	SUN_0SUNL.BIN	E058	E074	ここでは意味がありません。	
sun0392	SUN_0SUNL.BIN	E074	E082	取りました。	
sun0393	SUN_0SUNL.BIN	E082	E090	取れません。	
sun0394	SUN_0SUNL.BIN	E090	E0BA	何か意味ありげですが、全くわかりません。	
sun0395	SUN_0SUNL.BIN	E0BA	E0F6	タイルがカチリッとはまり、\n壁が上にスライドして行きます。	
sun0396	SUN_0SUNL.BIN	E0F6	E11C	特に何も変ったところはないようです。	
sun0397	SUN_0SUNL.BIN	E11C	E138	片目をつぶったマスクです。	
sun0398	SUN_0SUNL.BIN	E138	E16A	マスクの右目には、\n赤の玉がはめ込まれています。	
sun0399	SUN_0SUNL.BIN	E16A	E19E	マスクの右目には、\n青の宝珠がはめ込まれています。	
sun0400	SUN_0SUNL.BIN	E19E	E1C2	両目が開かれた、豪華なマスクです。	
sun0401	SUN_0SUNL.BIN	E1C2	E1E2	赤の玉が、はめ込まれています。	
sun0402	SUN_0SUNL.BIN	E1E2	E204	青の宝珠が、はめ込まれています。	
sun0403	SUN_0SUNL.BIN	E204	E244	マスクの瞳の部分には、\n赤の玉と青の宝珠がはめ込まれています。	
sun0404	SUN_0SUNL.BIN	E244	E26E	尼僧院の老人像から、手に入れたものです。	
sun0405	SUN_0SUNL.BIN	E26E	E28E	特に変わった点はないようです。	
sun0406	SUN_0SUNL.BIN	E28E	E2AC	銀の香炉を中央に置きました。	
sun0407	SUN_0SUNL.BIN	E2AC	E2D8	赤く透き通った、\n直径２ｃｍ程の宝石です。	
sun0408	SUN_0SUNL.BIN	E2D8	E2FA	それはすでにセットされています。	
sun0409	SUN_0SUNL.BIN	E2FA	E32A	マスクの瞳の部分に、\n赤の玉をはめ込みました。	
sun0410	SUN_0SUNL.BIN	E32A	E378	長さ１５ｃｍ位の細身の小さな杖で、\n先端に玉があり、砂鉄がついてきています。	
sun0411	SUN_0SUNL.BIN	E378	E3AE	小さな杖を使い、\nカギを吸いつけて、取り出しました。	
sun0412	SUN_0SUNL.BIN	E3AE	E3C0	見ての通りです。	
sun0413	SUN_0SUNL.BIN	E3C0	E3EA	小さい杖が、真ん中にセットされています。	
sun0414	SUN_0SUNL.BIN	E3EA	E442	小さい杖は置かれると、\nクルクル回りはじめましたが、\nやがて一定の位置に止まりました。	
sun0415	SUN_0SUNL.BIN	E442	E472	中に、何か水のようなものが入っているようです。	
sun0416	SUN_0SUNL.BIN	E472	E49A	特に何も変わったところはないようです。	
sun0417	SUN_0SUNL.BIN	E49A	E4DC	大きい薬ツボの中身を飲みました。\nおおっ、体が縮小していく・・・	
sun0418	SUN_0SUNL.BIN	E4DC	E52C	中に、何か水のようなものが入っているようです。\n大きさからして、目薬でしょう。	
sun0419	SUN_0SUNL.BIN	E52C	E56E	小さい薬ツボの中身を飲みました。\nよかった、体が戻っていきます。	
sun0420	SUN_0SUNL.BIN	E56E	E588	普通のバンソーコーです。	
sun0421	SUN_0SUNL.BIN	E588	E5C2	ざらざらした原始的なツボです。\n封印されているようです。	
sun0422	SUN_0SUNL.BIN	E5C2	E5F0	沢山の石片をつないで作った、ツボのようです。	
sun0423	SUN_0SUNL.BIN	E5F0	E610	中にコパルが２つ入っています。	
sun0424	SUN_0SUNL.BIN	E610	E62E	中に１つのコパルがあります。	
sun0425	SUN_0SUNL.BIN	E62E	E682	コパルを一つ取り出し、\n火をつけ、香炉にくべました。\pとてもいい香りがしてきます。	
sun0426	SUN_0SUNL.BIN	E682	E6C8	どうやら、黄金で出来ている鏡のようですが、\n汚れており、光りません。	
sun0427	SUN_0SUNL.BIN	E6C8	E6E0	まぶしく輝いています。	
sun0428	SUN_0SUNL.BIN	E6E0	E730	冷たい水に洗われ、黄金の鏡はすっかり\nきれいになり、光を反射して輝いています。	
sun0429	SUN_0SUNL.BIN	E730	E7A4	おおっ、\n天井から注ぐ光は、黄金の鏡に反射し、\p紋章の宝石に激しくあたると、\n壁がゆれ、だんだん開いていきました。	
sun0430	SUN_0SUNL.BIN	E7A4	E7CA	特に何も変ったところはないようです。	
sun0431	SUN_0SUNL.BIN	E7CA	E83A	ツボは粉々に砕けましたが、\n中から、水晶で出来た物が見つかりました。\pなんと、水晶で出来ているカギのようです。	
sun0432	SUN_0SUNL.BIN	E83A	E87E	水晶のカギは、ぴったりとくぼみに合いました。\n棺が開いていきます。	
sun0433	SUN_0SUNL.BIN	E87E	E8E0	おやっ？　中から巻き物が出てきました。\p広げてみましたが、ただの白紙で、\n所々にシミがあります。	
sun0434	SUN_0SUNL.BIN	E8E0	E90E	巻き物に何かが現れました。\n地図のようです。	
sun0435	SUN_0SUNL.BIN	E90E	E938	何か意味ありげですが、全くわかりません。	
sun0436	SUN_0SUNL.BIN	E938	E96C	ぼんやりと光っている、\n直径８～１２ｃｍの玉です。	
sun0437	SUN_0SUNL.BIN	E96C	E994	玉は、スッポリと台座におさまりました。	
sun0438	SUN_0SUNL.BIN	E994	E9C8	銀の玉は少しだけ小さく、\n台にはのらないようです。	
sun0439	SUN_0SUNL.BIN	E9C8	E9EC	直径１２～１５ｃｍの純金の玉です。	
sun0440	SUN_0SUNL.BIN	E9EC	E9FA	置きました。	
sun0441	SUN_0SUNL.BIN	E9FA	EA4A	髙さ４ｃｍ程の台です。台の上には、\n１２～１５ｃｍ位の物をのせられるようです。	
sun0442	SUN_0SUNL.BIN	EA4A	EA92	長さ２５ｃｍ位の金の笛ですが、\nあいにく下には穴が開き、壊れています。	
sun0443	SUN_0SUNL.BIN	EA92	EAC8	とりあえず、バンソーコーをはって\n穴をふさぎました。	
sun0444	SUN_0SUNL.BIN	EAC8	EAF2	バンソーコーがはられ、修理されています。	
sun0445	SUN_0SUNL.BIN	EAF2	EB20	下の穴から空気がもって、変な音しかでません。	
sun0446	SUN_0SUNL.BIN	EB20	EB78	いつも、自分が聴きなれているような\nメロディーを吹くと、\pジャガーが・・・元の姿に？！	
sun0447	SUN_0SUNL.BIN	EB78	EB9E	特に何も変ったところはないようです。	
sun0448	SUN_0SUNL.BIN	EB9E	EBE0	変な音しかでません。\nこれ以上吹いても、気分が悪くなるだけです。	
sun0449	SUN_0SUNL.BIN	EBE0	EC0E	笛の音が建物の中に署きました。\nすると・・・	
sun0450	SUN_0SUNL.BIN	EC0E	EC30	神秘的な２ｃｍ程の青い宝石です。	
sun0451	SUN_0SUNL.BIN	EC30	EC62	青の宝珠を\nマスクの瞳の部分に、はめ込みました。	
sun0452	SUN_0SUNL.BIN	EC62	EC7C	ただの青い石みたいです。	
sun0453	SUN_0SUNL.BIN	EC7C	ECA4	青いブロックがはまり、壁が開きました。	
sun0454	SUN_0SUNL.BIN	ECA4	ECEE	青いブロックがピタリとはまり、\n床がかすかにゆれると、入口が現れました。	
sun0455	SUN_0SUNL.BIN	ECEE	ED0C	歯車を固定している石片です。	
sun0456	SUN_0SUNL.BIN	ED0C	ED2A	歯止めが軸に固定されました。	
sun0457	SUN_0SUNL.BIN	ED2A	ED60	歯止めをはめました。\nしかし、何も変化はおきません。	
sun0458	SUN_0SUNL.BIN	ED60	ED92	取っ手がついており、\n回せるようになっています。	
sun0459	SUN_0SUNL.BIN	ED92	EDBC	ハンドルは軸にしっかりはまったようです。	
sun0460	SUN_0SUNL.BIN	EDBC	EDDE	軸が折れていて、固定できません。	
sun0461	SUN_0SUNL.BIN	EDDE	EE02	大きさが２０ｃｍ程の銀のカギです。	
sun0462	SUN_0SUNL.BIN	EE02	EE3A	カチッと、音がしたようです。\nふたが閉まっていきます。	
sun0463	SUN_0SUNL.BIN	EE3A	EE54	ただの白い石みたいです。	
sun0464	SUN_0SUNL.BIN	EE54	EE98	両目を開けた人頭の造りものです。\n残念ながら、性別はわかりません。	
sun0465	SUN_0SUNL.BIN	EE98	EECC	銀の首を像に置くと、\n手前の床に入口が開きました。	
sun0466	SUN_0SUNL.BIN	EECC	EF12	穴に入るくらいですから、\n本当に小さいものです。サビがういています。	
sun0467	SUN_0SUNL.BIN	EF12	EF54	小さなカギを使うと、\nガチャンという音がして、神殿がゆれました。	
sun0468	SUN_0SUNL.BIN	EF54	EF86	太陽のカギの名に\nふさわしい輝きを見せています。	
sun0469	SUN_0SUNL.BIN	EF8A	EFC4	そっちに行ったら、\nジャガーに食べられてしまいますよ！！	
sun0470	SUN_0SUNL.BIN	EFC4	EFDC	ジャガーが現れました！	
sun0471	SUN_0SUNL.BIN	EFDC	F02E	真青なジャガーです。\p今まさに飛びかかろうとしています。\nはやく、逃げなくては！	
sun0472	SUN_0SUNL.BIN	1192C	11956	左右に髙い壁があり、正面に像が見えます。	
sun0473	SUN_0SUNL.BIN	11956	1198E	球戯場です。\n左右に髙い壁があり、正面に像が見えます。	
sun0474	SUN_0SUNL.BIN	1198E	119BA	所々に草が生えており、奧へと続いています。	
sun0475	SUN_0SUNL.BIN	119BA	119E0	ゆるやかな階段が続いているようです。	
sun0476	SUN_0SUNL.BIN	119E0	11A1C	うす暗くてよく見えませんが、\nどこかに続いているようです。	
sun0477	SUN_0SUNL.BIN	11A1C	11A56	髙さ２メーター以上もある壁です。\n右側に入口があります。	
sun0478	SUN_0SUNL.BIN	11A56	11A90	片手を上げた戦士の像のようです。\n首から上がありません。	
sun0479	SUN_0SUNL.BIN	11A90	11AC2	うす暗い通路です。\n壁に歯車の仕組みがあります。	
sun0480	SUN_0SUNL.BIN	11AC2	11AE0	特に変哲もない石の天井です。	
sun0481	SUN_0SUNL.BIN	11AE0	11B08	左側の壁には、歯車のしかけがあります。	
sun0482	SUN_0SUNL.BIN	11B08	11B2A	壁には、歯車のしかけがあります。	
sun0483	SUN_0SUNL.BIN	11B2A	11B4A	何か部品をはめる軸のようです。	
sun0484	SUN_0SUNL.BIN	11B4A	11B6E	石の歯止めが、はまっていた軸です。	
sun0485	SUN_0SUNL.BIN	11B6E	11B8C	歯車を固定している石片です。	
sun0486	SUN_0SUNL.BIN	11B8C	11BC8	いくつかの歯車が、\n歯止めによって固定されているようです。	
sun0487	SUN_0SUNL.BIN	11BC8	11BE8	歯車の横に、軸が２つあります。	
sun0488	SUN_0SUNL.BIN	11BE8	11C1C	歯車を動かすための、\n石のハンドルがついています。	
sun0489	SUN_0SUNL.BIN	11C1C	11C54	うす暗くてよく見えませんが、\n冷たい石の床のようです。	
sun0490	SUN_0SUNL.BIN	11C54	11C80	はるか先まで、直線的に延びているようです。	
sun0491	SUN_0SUNL.BIN	11C80	11CA0	ぶ厚い岩で出来ているようです。	
sun0492	SUN_0SUNL.BIN	11CA0	11CB8	地下通路の奧にいます。	
sun0493	SUN_0SUNL.BIN	11CB8	11CCA	ただの天井です。	
sun0494	SUN_0SUNL.BIN	11CCA	11CE4	暗くて、よく見えません。	
sun0495	SUN_0SUNL.BIN	11CE4	11D0C	特に何も変わったところはないようです。	
sun0496	SUN_0SUNL.BIN	11D0C	11D54	赤い宝石のはまったマスクをかぶると、\n右側に青いブロックが見えました。	
sun0497	SUN_0SUNL.BIN	11D54	11D9C	マスクをかぶりながら、見ています。\n右側に青いブロックがあるようです。	
sun0498	SUN_0SUNL.BIN	11D9C	11DBA	特に変哲もない石の天井です。	
sun0499	SUN_0SUNL.BIN	11DBA	11DDC	右側に青いブロックが、見えます。	
sun0500	SUN_0SUNL.BIN	11DDC	11E0A	マスクを通して見ると、\n青く見えるようです。	
sun0501	SUN_0SUNL.BIN	11E0A	11E22	壁にあるブロックです。	
sun0502	SUN_0SUNL.BIN	11E22	11E3E	見た通りの形をしています。	
sun0503	SUN_0SUNL.BIN	11E3E	11E68	ブロックを外すと、ゴゴッと音がしました。	
sun0504	SUN_0SUNL.BIN	11E68	11E7A	壁が開きました。	
sun0505	SUN_0SUNL.BIN	11E7A	11EBE	小さな部屋にいます。\n真ん中にカギがのせられ、左に出口があります。	
sun0506	SUN_0SUNL.BIN	11EBE	11F02	小さな部屋にいます。\n真ん中にカギがのせられ、右に出口があります。	
sun0507	SUN_0SUNL.BIN	11F02	11F48	小さな部屋にいます。\n真ん中にカギがのせられ、左右に出口があります。	
sun0508	SUN_0SUNL.BIN	11F48	11F64	特に変わりはない天井です。	
sun0509	SUN_0SUNL.BIN	11F64	11F88	大きさが２０ｃｍ程の銀のカギです。	
sun0510	SUN_0SUNL.BIN	11F88	11FA6	銀のカギがのせられています。	
sun0511	SUN_0SUNL.BIN	11FA6	11FD2	床の真ん中には、カギをのせる台があります。	
sun0512	SUN_0SUNL.BIN	11FD2	11FF0	左側に出口があるくらいです。	
sun0513	SUN_0SUNL.BIN	11FF0	12010	地下通路に通じているようです。	
sun0514	SUN_0SUNL.BIN	12010	12046	球戯場の地下通路です。\n少し手前で閉ざされています。	
sun0515	SUN_0SUNL.BIN	12046	1208C	歯止めを取ると、歯車が激しい勢いで回り、\n通路が閉じてしまいました。	
sun0516	SUN_0SUNL.BIN	1208C	120A2	歯止めを取りました。	
sun0517	SUN_0SUNL.BIN	120A2	120E0	カスティーリョのハンドルが、\n軸にピッタリはまったようです。	
sun0518	SUN_0SUNL.BIN	120E0	12114	軸にはまり、\n歯車とうまくかみあっているようです。	
sun0519	SUN_0SUNL.BIN	12114	12152	ガラゴロ音がすると、\n通路を閉じていた扉が開いていきました。	
sun0520	SUN_0SUNL.BIN	12152	1219A	回すとガラゴロ音がしましたが、\n手をはなすと勝手に戻ってしまいました。	
sun0521	SUN_0SUNL.BIN	1219A	121BA	これ以上は、動かないようです。	
sun0522	SUN_0SUNL.BIN	121BA	121E6	小さな部屋にいます。\n左に出口があります。	
sun0523	SUN_0SUNL.BIN	121E6	12212	小さな部屋にいます。\n右に出口があります。	
sun0524	SUN_0SUNL.BIN	12212	12240	小さな部屋にいます。\n左右に出口があります。	
sun0525	SUN_0SUNL.BIN	12240	12278	左側に出口があります。\n地下通路に通じているようです。	
sun0526	SUN_0SUNL.BIN	12278	122BA	カギを取ると、ゴゴッと音がして、\n右の出口が閉じてしまいました。	
sun0527	SUN_0SUNL.BIN	122BA	122CC	何もありません。	
sun0528	SUN_0SUNL.BIN	122CC	122FE	四方壁です。\nどうやら、閉じ込められたようです。	
sun0529	SUN_0SUNL.BIN	122FE	1232C	右は外に、左は地下通路に通じているようです。	
sun0530	SUN_0SUNL.BIN	1232C	1234A	右側に出口があるくらいです。	
sun0531	SUN_0SUNL.BIN	1234A	12364	外に通じているようです。	
sun0532	SUN_0SUNL.BIN	12364	12394	金の首を置くと、\n左側の壁に入口が現れました。	
sun0533	SUN_0SUNL.BIN	12394	123C8	球戯場です。\n左右の壁に、それぞれ入口があります。	
sun0534	SUN_0SUNL.BIN	123C8	123E6	良く研かれている石の床です。	
sun0535	SUN_0SUNL.BIN	123E6	1241E	うす暗くてよく見えませんが、\n冷たい石の床のようです。	
sun0536	SUN_0SUNL.BIN	1241E	12442	左右の壁にそれぞれ入口があります。	
sun0537	SUN_0SUNL.BIN	12442	12476	戦士の像は、\n黄金の首をのせられて、輝いています。	
sun0538	SUN_0SUNL.BIN	12476	1248E	まぶしく輝いています。	
sun0539	SUN_0SUNL.BIN	1248E	124C6	黄金の首を取ると、\n左側の入口が閉まってしまいました。	
sun0540	SUN_0SUNL.BIN	124C6	124E2	銀の首がのせられています。	
sun0541	SUN_0SUNL.BIN	124E2	124F4	とっ、取れない！	
sun0542	SUN_0SUNL.BIN	124F4	1250A	地下室の奧にいます。	
sun0543	SUN_0SUNL.BIN	1250A	1252E	左側の壁に白いブロックが見えます。	
sun0544	SUN_0SUNL.BIN	1252E	12540	ただの天井です。	
sun0545	SUN_0SUNL.BIN	12540	12578	うす暗くてよく見えませんが、\n冷たい石の床のようです。	
sun0546	SUN_0SUNL.BIN	12578	125A0	特に何も変わったところはないようです。	
sun0547	SUN_0SUNL.BIN	125A0	125CC	マスクを通して見ると、白く見えるようです。	
sun0548	SUN_0SUNL.BIN	125CC	125F0	ブロックを押すと、壁が開きました。	
sun0549	SUN_0SUNL.BIN	125F0	1261A	ブロックを外すと、ゴゴッと音がしました。	
sun0550	SUN_0SUNL.BIN	1261A	12632	左側に入口があります。	
sun0551	SUN_0SUNL.BIN	12632	12652	壁に、白いブロックが見えます。	
sun0552	SUN_0SUNL.BIN	12652	1268E	左の壁には、白いブロックがはまっていた\nくぼみがあります。	
sun0553	SUN_0SUNL.BIN	1268E	126C6	壁には、白いブロックがはまっていた\nくぼみがあります。	
sun0554	SUN_0SUNL.BIN	126C6	12700	見た通りの形をしています。\n特に怪しい所は、ありません。	
sun0555	SUN_0SUNL.BIN	12700	12750	地下通路のようです。入ってきた時に、\n天井の出入り口が閉じてしまったようです。	
sun0556	SUN_0SUNL.BIN	12750	1276A	ごくあたりまえの床です。	
sun0557	SUN_0SUNL.BIN	1276A	1278C	迷路になっている通路のようです。	
sun0558	SUN_0SUNL.BIN	1278C	127AC	どこにも出口がみつかりません。	
sun0559	SUN_0SUNL.BIN	127AC	127C8	さわると冷たい石の壁です。	
sun0560	SUN_0SUNL.BIN	127C8	12812	どこを行っても、同じようなとこばかりです。\nどうやら、迷ったみたいです。	
sun0561	SUN_0SUNL.BIN	12812	1286C	小さい柱は、置かれると\n始めはクルクル回ってましたが、\pやがて一定の位置に止まりました。	
sun0562	SUN_0SUNL.BIN	1286C	128A4	小さな杖の示す方向に進むと、\n行き止まりになりました。	
sun0563	SUN_0SUNL.BIN	128A4	128D0	迷路らしい通路の\n行き止まりに来ています。	
sun0564	SUN_0SUNL.BIN	128D0	128F0	どこにも出口がみつかりません。	
sun0565	SUN_0SUNL.BIN	128F0	1290A	ごくあたりまえの床です。	
sun0566	SUN_0SUNL.BIN	1290A	12932	他の壁にくらべ、やや凸凹するようです。	
sun0567	SUN_0SUNL.BIN	12932	12964	壁を壊してみると、\nもうひとつの壁が現れました。	
sun0568	SUN_0SUNL.BIN	12964	1297C	崩れた壁の前にいます。	
sun0569	SUN_0SUNL.BIN	1297C	129AC	なめらかに研かれた壁です。\nくぼみがあります。	
sun0570	SUN_0SUNL.BIN	129AC	129F2	変なくぼみが壁にあります。\nどこかで似たようなのを見ませんでしたか？	
sun0571	SUN_0SUNL.BIN	129F2	12A0A	開いた壁の前にいます。	
sun0572	SUN_0SUNL.BIN	12A0A	12A1A	開いています。	
sun0573	SUN_0SUNL.BIN	12A1A	12A3C	中は、部屋になっているようです。	
sun0574	SUN_0SUNL.BIN	12A3C	12A4E	前に進みました。	
sun0575	SUN_0SUNL.BIN	12A4E	12A62	後ろに戻りました。	
sun0576	SUN_0SUNL.BIN	12A62	12A74	右に進みました。	
sun0577	SUN_0SUNL.BIN	12A74	12A86	左に進みました。	
sun0578	SUN_0SUNL.BIN	12A86	12A96	上がりました。	
sun0579	SUN_0SUNL.BIN	12A96	12AA4	下りました。	
sun0580	SUN_0SUNL.BIN	12AA4	12ABC	そっちへは行けません。	
sun0581	SUN_0SUNL.BIN	12ABC	12ACC	外へ出ました。	
sun0582	SUN_0SUNL.BIN	12ACC	12AF2	閉じ込められていて、外へ出れません。	
sun0583	SUN_0SUNL.BIN	12AF2	12B14	体が小さすぎて、外へ出れません。	
sun0584	SUN_0SUNL.BIN	12B14	12B34	迷ってしまい、外へ出れません。	
sun0585	SUN_0SUNL.BIN	12B34	12B5E	おやっ、気分が元に戻ってしまったようだ。	
sun0586	SUN_0SUNL.BIN	12B5E	12B6C	待ちました。	
sun0587	SUN_0SUNL.BIN	12B6C	12B7A	動きません。	
sun0588	SUN_0SUNL.BIN	12B7A	12B88	使えません。	
sun0589	SUN_0SUNL.BIN	12B88	12B96	置きました。	
sun0590	SUN_0SUNL.BIN	12B96	12BAC	置いても、無駄です。	
sun0591	SUN_0SUNL.BIN	12BAC	12BBA	洗えません。	
sun0592	SUN_0SUNL.BIN	12BBA	12BCE	残念、出来ません。	
sun0593	SUN_0SUNL.BIN	12BCE	12BDC	壊せません。	
sun0594	SUN_0SUNL.BIN	12BDC	12BEA	引けません。	
sun0595	SUN_0SUNL.BIN	12BEA	12BF8	押せません。	
sun0596	SUN_0SUNL.BIN	12BF8	12C14	ここでは意味がありません。	
sun0597	SUN_0SUNL.BIN	12C14	12C22	取りました。	
sun0598	SUN_0SUNL.BIN	12C22	12C30	取れません。	
sun0599	SUN_0SUNL.BIN	12C30	12C5A	何か意味ありげですが、全くわかりません。	
sun0600	SUN_0SUNL.BIN	12C5A	12C96	タイルがカチリッとはまり、\n壁が上にスライドして行きます。	
sun0601	SUN_0SUNL.BIN	12C96	12CBC	特に何も変ったところはないようです。	
sun0602	SUN_0SUNL.BIN	12CBC	12CD8	片目をつぶったマスクです。	
sun0603	SUN_0SUNL.BIN	12CD8	12D0A	マスクの右目には、\n赤の玉がはめ込まれています。	
sun0604	SUN_0SUNL.BIN	12D0A	12D3E	マスクの右目には、\n青の宝珠がはめ込まれています。	
sun0605	SUN_0SUNL.BIN	12D3E	12D62	両目が開かれた、豪華なマスクです。	
sun0606	SUN_0SUNL.BIN	12D62	12D82	赤の玉が、はめ込まれています。	
sun0607	SUN_0SUNL.BIN	12D82	12DA4	青の宝珠が、はめ込まれています。	
sun0608	SUN_0SUNL.BIN	12DA4	12DE4	マスクの瞳の部分には、\n赤の玉と青の宝珠がはめ込まれています。	
sun0609	SUN_0SUNL.BIN	12DE4	12E0E	尼僧院の老人像から、手に入れたものです。	
sun0610	SUN_0SUNL.BIN	12E0E	12E2E	特に変わった点はないようです。	
sun0611	SUN_0SUNL.BIN	12E2E	12E4C	銀の香炉を中央に置きました。	
sun0612	SUN_0SUNL.BIN	12E4C	12E78	赤く透き通った、\n直径２ｃｍ程の宝石です。	
sun0613	SUN_0SUNL.BIN	12E78	12E9A	それはすでにセットされています。	
sun0614	SUN_0SUNL.BIN	12E9A	12ECA	マスクの瞳の部分に、\n赤の玉をはめ込みました。	
sun0615	SUN_0SUNL.BIN	12ECA	12F18	長さ１５ｃｍ位の細身の小さな杖で、\n先端に玉があり、砂鉄がついてきています。	
sun0616	SUN_0SUNL.BIN	12F18	12F4E	小さな杖を使い、\nカギを吸いつけて、取り出しました。	
sun0617	SUN_0SUNL.BIN	12F4E	12F60	見ての通りです。	
sun0618	SUN_0SUNL.BIN	12F60	12F8A	小さい杖が、真ん中にセットされています。	
sun0619	SUN_0SUNL.BIN	12F8A	12FE2	小さい杖は置かれると、\nクルクル回りはじめましたが、\nやがて一定の位置に止まりました。	
sun0620	SUN_0SUNL.BIN	12FE2	13012	中に、何か水のようなものが入っているようです。	
sun0621	SUN_0SUNL.BIN	13012	1303A	特に何も変わったところはないようです。	
sun0622	SUN_0SUNL.BIN	1303A	1307C	大きい薬ツボの中身を飲みました。\nおおっ、体が縮小していく・・・	
sun0623	SUN_0SUNL.BIN	1307C	130CC	中に、何か水のようなものが入っているようです。\n大きさからして、目薬でしょう。	
sun0624	SUN_0SUNL.BIN	130CC	1310E	小さい薬ツボの中身を飲みました。\nよかった、体が戻っていきます。	
sun0625	SUN_0SUNL.BIN	1310E	13128	普通のバンソーコーです。	
sun0626	SUN_0SUNL.BIN	13128	13162	ざらざらした原始的なツボです。\n封印されているようです。	
sun0627	SUN_0SUNL.BIN	13162	13190	沢山の石片をつないで作った、ツボのようです。	
sun0628	SUN_0SUNL.BIN	13190	131B0	中にコパルが２つ入っています。	
sun0629	SUN_0SUNL.BIN	131B0	131CE	中に１つのコパルがあります。	
sun0630	SUN_0SUNL.BIN	131CE	13222	コパルを一つ取り出し、\n火をつけ、香炉にくべました。\pとてもいい香りがしてきます。	
sun0631	SUN_0SUNL.BIN	13222	13268	どうやら、黄金で出来ている鏡のようですが、\n汚れており、光りません。	
sun0632	SUN_0SUNL.BIN	13268	13280	まぶしく輝いています。	
sun0633	SUN_0SUNL.BIN	13280	132D0	冷たい水に洗われ、黄金の鏡はすっかり\nきれいになり、光を反射して輝いています。	
sun0634	SUN_0SUNL.BIN	132D0	13344	おおっ、\n天井から注ぐ光は、黄金の鏡に反射し、\p紋章の宝石に激しくあたると、\n壁がゆれ、だんだん開いていきました。	
sun0635	SUN_0SUNL.BIN	13344	1336A	特に何も変ったところはないようです。	
sun0636	SUN_0SUNL.BIN	1336A	133DA	ツボは粉々に砕けましたが、\n中から、水晶で出来た物が見つかりました。\pなんと、水晶で出来ているカギのようです。	
sun0637	SUN_0SUNL.BIN	133DA	1341E	水晶のカギは、ぴったりとくぼみに合いました。\n棺が開いていきます。	
sun0638	SUN_0SUNL.BIN	1341E	13480	おやっ？　中から巻き物が出てきました。\p広げてみましたが、ただの白紙で、\n所々にシミがあります。	
sun0639	SUN_0SUNL.BIN	13480	134AE	巻き物に何かが現れました。\n地図のようです。	
sun0640	SUN_0SUNL.BIN	134AE	134D8	何か意味ありげですが、全くわかりません。	
sun0641	SUN_0SUNL.BIN	134D8	1350C	ぼんやりと光っている、\n直径８～１２ｃｍの玉です。	
sun0642	SUN_0SUNL.BIN	1350C	13534	玉は、スッポリと台座におさまりました。	
sun0643	SUN_0SUNL.BIN	13534	13568	銀の玉は少しだけ小さく、\n台にはのらないようです。	
sun0644	SUN_0SUNL.BIN	13568	1358C	直径１２～１５ｃｍの純金の玉です。	
sun0645	SUN_0SUNL.BIN	1358C	1359A	置きました。	
sun0646	SUN_0SUNL.BIN	1359A	135EA	髙さ４ｃｍ程の台です。台の上には、\n１２～１５ｃｍ位の物をのせられるようです。	
sun0647	SUN_0SUNL.BIN	135EA	13632	長さ２５ｃｍ位の金の笛ですが、\nあいにく下には穴が開き、壊れています。	
sun0648	SUN_0SUNL.BIN	13632	13668	とりあえず、バンソーコーをはって\n穴をふさぎました。	
sun0649	SUN_0SUNL.BIN	13668	13692	バンソーコーがはられ、修理されています。	
sun0650	SUN_0SUNL.BIN	13692	136C0	下の穴から空気がもって、変な音しかでません。	
sun0651	SUN_0SUNL.BIN	136C0	13718	いつも、自分が聴きなれているような\nメロディーを吹くと、\pジャガーが・・・元の姿に？！	
sun0652	SUN_0SUNL.BIN	13718	1373E	特に何も変ったところはないようです。	
sun0653	SUN_0SUNL.BIN	1373E	13780	変な音しかでません。\nこれ以上吹いても、気分が悪くなるだけです。	
sun0654	SUN_0SUNL.BIN	13780	137AE	笛の音が建物の中に署きました。\nすると・・・	
sun0655	SUN_0SUNL.BIN	137AE	137D0	神秘的な２ｃｍ程の青い宝石です。	
sun0656	SUN_0SUNL.BIN	137D0	13802	青の宝珠を\nマスクの瞳の部分に、はめ込みました。	
sun0657	SUN_0SUNL.BIN	13802	1381C	ただの青い石みたいです。	
sun0658	SUN_0SUNL.BIN	1381C	13844	青いブロックがはまり、壁が開きました。	
sun0659	SUN_0SUNL.BIN	13844	1388E	青いブロックがピタリとはまり、\n床がかすかにゆれると、入口が現れました。	
sun0660	SUN_0SUNL.BIN	1388E	138AC	歯車を固定している石片です。	
sun0661	SUN_0SUNL.BIN	138AC	138CA	歯止めが軸に固定されました。	
sun0662	SUN_0SUNL.BIN	138CA	13900	歯止めをはめました。\nしかし、何も変化はおきません。	
sun0663	SUN_0SUNL.BIN	13900	13932	取っ手がついており、\n回せるようになっています。	
sun0664	SUN_0SUNL.BIN	13932	1395C	ハンドルは軸にしっかりはまったようです。	
sun0665	SUN_0SUNL.BIN	1395C	1397E	軸が折れていて、固定できません。	
sun0666	SUN_0SUNL.BIN	1397E	139A2	大きさが２０ｃｍ程の銀のカギです。	
sun0667	SUN_0SUNL.BIN	139A2	139DA	カチッと、音がしたようです。\nふたが閉まっていきます。	
sun0668	SUN_0SUNL.BIN	139DA	139F4	ただの白い石みたいです。	
sun0669	SUN_0SUNL.BIN	139F4	13A38	両目を開けた人頭の造りものです。\n残念ながら、性別はわかりません。	
sun0670	SUN_0SUNL.BIN	13A38	13A6C	銀の首を像に置くと、\n手前の床に入口が開きました。	
sun0671	SUN_0SUNL.BIN	13A6C	13AB2	穴に入るくらいですから、\n本当に小さいものです。サビがういています。	
sun0672	SUN_0SUNL.BIN	13AB2	13AF4	小さなカギを使うと、\nガチャンという音がして、神殿がゆれました。	
sun0673	SUN_0SUNL.BIN	13AF4	13B26	太陽のカギの名に\nふさわしい輝きを見せています。	
sun0674	SUN_0SUNL.BIN	13B2A	13B64	そっちに行ったら、\nジャガーに食べられてしまいますよ！！	
sun0675	SUN_0SUNL.BIN	13B64	13B7C	ジャガーが現れました！	
sun0676	SUN_0SUNL.BIN	13B7C	13BCE	真青なジャガーです。\p今まさに飛びかかろうとしています。\nはやく、逃げなくては！	
sun0677	SUN_0SUNL.BIN	15840	1586E	ドーム状の建物で、床の中央に台座があります。	
sun0678	SUN_0SUNL.BIN	1586E	158B0	カラコルの中です。\nドーム状の建物で、床の中央に台座があります。	
sun0679	SUN_0SUNL.BIN	158B0	158CC	小さなのぞき窓があります。	
sun0680	SUN_0SUNL.BIN	158CC	15916	特に変わったところはない、円形の床です。\n天井から光がさしこんでいます。	
sun0681	SUN_0SUNL.BIN	15916	15954	全部石で出来ている円い台座で、\n５０ｃｍ程の髙さがあります。	
sun0682	SUN_0SUNL.BIN	15954	15998	直径１５ｃｍ程の台座です。\n何かを置くように、二重に段があります。	
sun0683	SUN_0SUNL.BIN	15998	159B0	黄金で作られた玉です。	
sun0684	SUN_0SUNL.BIN	159B0	159C6	銀で作られた玉です。	
sun0685	SUN_0SUNL.BIN	159C6	159E0	黄金で作られた台座です。	
sun0686	SUN_0SUNL.BIN	159E0	159FE	ちょうど千柱の間が見えます。	
sun0687	SUN_0SUNL.BIN	159FE	15A3A	ちょうど千柱の間が見え、\nはるか先に戦士の神殿があります。	
sun0688	SUN_0SUNL.BIN	15A3A	15A6E	天井からさしこむ光を受け、\nギラギラ輝いています。	
sun0689	SUN_0SUNL.BIN	15A6E	15AAA	笛の音が署くと、玉は急に透明になり、\n光を発し始めました。	
sun0690	SUN_0SUNL.BIN	15AAA	15AF2	光を発する前は、確かに銀だったのですが、\n今は透明で、水晶のようです。	
sun0691	SUN_0SUNL.BIN	15AF2	15B3A	まるで、レーザーのように一直線に\nのぞき窓に向かって発せられています。	
sun0692	SUN_0SUNL.BIN	15B3A	15B76	玉は輝いていますが、\n台座じたいはどこにも変っていません。	
sun0693	SUN_0SUNL.BIN	15B76	15BBC	小窓のまわりが、ほとばしる輝きによって、\nぼーっと照らされています。	
sun0694	SUN_0SUNL.BIN	15BBC	15C00	玉から発するまぶしい光が、\nとても熱くて、のぞき窓に近づけません。	
sun0695	SUN_0SUNL.BIN	15C00	15C3A	変わりありません。\n汚いクツで汚さないようにしましょう。	
sun0696	SUN_0SUNL.BIN	15C3A	15C76	台座から玉を取りました。\nすると玉は再び銀色に戻りました。	
sun0697	SUN_0SUNL.BIN	15C76	15CB2	台座から玉を取りました。\nすると玉は再び金色に戻りました。	
sun0698	SUN_0SUNL.BIN	15CB2	15CD2	台座から金の台座を取りました。	
sun0699	SUN_0SUNL.BIN	15CD2	15D10	カラコルです。\n中央にある台座には、金の玉が置かれています。	
sun0700	SUN_0SUNL.BIN	15D10	15D2C	黄金の玉が置かれています。	
sun0701	SUN_0SUNL.BIN	15D2C	15D4A	まぶしい光を発し始めました。	
sun0702	SUN_0SUNL.BIN	15D4A	15D8E	さっきまでは、確かに金だったのですが、\n今は透明で水晶みたいです。	
sun0703	SUN_0SUNL.BIN	15D8E	15DCC	全部石で出来ている円い台座で、\n５０ｃｍ程の髙さがあります。	
sun0704	SUN_0SUNL.BIN	15DCC	15DFE	カラコルです。\n中央には黄金の玉と台があります。	
sun0705	SUN_0SUNL.BIN	15DFE	15E1E	台座には金の玉と台があります。	
sun0706	SUN_0SUNL.BIN	15E1E	15E52	天井からさしこむ光を受け、\nギラギラ輝いています。	
sun0707	SUN_0SUNL.BIN	15E52	15E74	きっ、金の玉に何が起こったのだ。	
sun0708	SUN_0SUNL.BIN	15E74	15E8C	ジャガーが現れました。	
sun0709	SUN_0SUNL.BIN	15E8C	15EA8	青い色をしたジャガーです。	
sun0710	SUN_0SUNL.BIN	15EA8	15ED6	カラコルの中です。\n中にはジャガーがいます。	
sun0711	SUN_0SUNL.BIN	15ED6	15F10	そっちに行ったら、\nジャガーに食べられてしまいますよ！！	
sun0712	SUN_0SUNL.BIN	15F10	15F4E	カラコルです。\n中央にある台座には、銀の玉が置かれています。	
sun0713	SUN_0SUNL.BIN	15F4E	15F68	銀の玉が置かれています。	
sun0714	SUN_0SUNL.BIN	15F68	15F92	丈夫な床です。心配することはありません。	
sun0715	SUN_0SUNL.BIN	15F92	15FD2	特に変ったところはありません。\nちゃんと、のぞき窓もあります。	
sun0716	SUN_0SUNL.BIN	15FD2	16010	カラコルです。\n中央にある台座には、金の玉が置かれています。	
sun0717	SUN_0SUNL.BIN	16010	1602A	金の玉が置かれています。	
sun0718	SUN_0SUNL.BIN	1602A	16058	カラコルです。\n中央には金の台座があります。	
sun0719	SUN_0SUNL.BIN	16058	16078	台座には、金の台座があります。	
sun0720	SUN_0SUNL.BIN	16078	160AE	カラコルです。\n中央には金の玉と金の台座があります。	
sun0721	SUN_0SUNL.BIN	160AE	160D6	台座には、金の玉と金の台座があります。	
sun0722	SUN_0SUNL.BIN	160D6	160E8	前に進みました。	
sun0723	SUN_0SUNL.BIN	160E8	160FC	後ろに戻りました。	
sun0724	SUN_0SUNL.BIN	160FC	1610E	右に進みました。	
sun0725	SUN_0SUNL.BIN	1610E	16120	左に進みました。	
sun0726	SUN_0SUNL.BIN	16120	16130	上がりました。	
sun0727	SUN_0SUNL.BIN	16130	1613E	下りました。	
sun0728	SUN_0SUNL.BIN	1613E	16156	そっちへは行けません。	
sun0729	SUN_0SUNL.BIN	16156	16166	外へ出ました。	
sun0730	SUN_0SUNL.BIN	16166	1618C	閉じ込められていて、外へ出れません。	
sun0731	SUN_0SUNL.BIN	1618C	161AE	体が小さすぎて、外へ出れません。	
sun0732	SUN_0SUNL.BIN	161AE	161CE	迷ってしまい、外へ出れません。	
sun0733	SUN_0SUNL.BIN	161CE	161F8	おやっ、気分が元に戻ってしまったようだ。	
sun0734	SUN_0SUNL.BIN	161F8	16206	待ちました。	
sun0735	SUN_0SUNL.BIN	16206	16214	動きません。	
sun0736	SUN_0SUNL.BIN	16214	16222	使えません。	
sun0737	SUN_0SUNL.BIN	16222	16230	置きました。	
sun0738	SUN_0SUNL.BIN	16230	16246	置いても、無駄です。	
sun0739	SUN_0SUNL.BIN	16246	16254	洗えません。	
sun0740	SUN_0SUNL.BIN	16254	16268	残念、出来ません。	
sun0741	SUN_0SUNL.BIN	16268	16276	壊せません。	
sun0742	SUN_0SUNL.BIN	16276	16284	引けません。	
sun0743	SUN_0SUNL.BIN	16284	16292	押せません。	
sun0744	SUN_0SUNL.BIN	16292	162AE	ここでは意味がありません。	
sun0745	SUN_0SUNL.BIN	162AE	162BC	取りました。	
sun0746	SUN_0SUNL.BIN	162BC	162CA	取れません。	
sun0747	SUN_0SUNL.BIN	162CA	162F4	何か意味ありげですが、全くわかりません。	
sun0748	SUN_0SUNL.BIN	162F4	16330	タイルがカチリッとはまり、\n壁が上にスライドして行きます。	
sun0749	SUN_0SUNL.BIN	16330	16356	特に何も変ったところはないようです。	
sun0750	SUN_0SUNL.BIN	16356	16372	片目をつぶったマスクです。	
sun0751	SUN_0SUNL.BIN	16372	163A4	マスクの右目には、\n赤の玉がはめ込まれています。	
sun0752	SUN_0SUNL.BIN	163A4	163D8	マスクの右目には、\n青の宝珠がはめ込まれています。	
sun0753	SUN_0SUNL.BIN	163D8	163FC	両目が開かれた、豪華なマスクです。	
sun0754	SUN_0SUNL.BIN	163FC	1641C	赤の玉が、はめ込まれています。	
sun0755	SUN_0SUNL.BIN	1641C	1643E	青の宝珠が、はめ込まれています。	
sun0756	SUN_0SUNL.BIN	1643E	1647E	マスクの瞳の部分には、\n赤の玉と青の宝珠がはめ込まれています。	
sun0757	SUN_0SUNL.BIN	1647E	164A8	尼僧院の老人像から、手に入れたものです。	
sun0758	SUN_0SUNL.BIN	164A8	164C8	特に変わった点はないようです。	
sun0759	SUN_0SUNL.BIN	164C8	164E6	銀の香炉を中央に置きました。	
sun0760	SUN_0SUNL.BIN	164E6	16512	赤く透き通った、\n直径２ｃｍ程の宝石です。	
sun0761	SUN_0SUNL.BIN	16512	16534	それはすでにセットされています。	
sun0762	SUN_0SUNL.BIN	16534	16564	マスクの瞳の部分に、\n赤の玉をはめ込みました。	
sun0763	SUN_0SUNL.BIN	16564	165B2	長さ１５ｃｍ位の細身の小さな杖で、\n先端に玉があり、砂鉄がついてきています。	
sun0764	SUN_0SUNL.BIN	165B2	165E8	小さな杖を使い、\nカギを吸いつけて、取り出しました。	
sun0765	SUN_0SUNL.BIN	165E8	165FA	見ての通りです。	
sun0766	SUN_0SUNL.BIN	165FA	16624	小さい杖が、真ん中にセットされています。	
sun0767	SUN_0SUNL.BIN	16624	1667C	小さい杖は置かれると、\nクルクル回りはじめましたが、\nやがて一定の位置に止まりました。	
sun0768	SUN_0SUNL.BIN	1667C	166AC	中に、何か水のようなものが入っているようです。	
sun0769	SUN_0SUNL.BIN	166AC	166D4	特に何も変わったところはないようです。	
sun0770	SUN_0SUNL.BIN	166D4	16716	大きい薬ツボの中身を飲みました。\nおおっ、体が縮小していく・・・	
sun0771	SUN_0SUNL.BIN	16716	16766	中に、何か水のようなものが入っているようです。\n大きさからして、目薬でしょう。	
sun0772	SUN_0SUNL.BIN	16766	167A8	小さい薬ツボの中身を飲みました。\nよかった、体が戻っていきます。	
sun0773	SUN_0SUNL.BIN	167A8	167C2	普通のバンソーコーです。	
sun0774	SUN_0SUNL.BIN	167C2	167FC	ざらざらした原始的なツボです。\n封印されているようです。	
sun0775	SUN_0SUNL.BIN	167FC	1682A	沢山の石片をつないで作った、ツボのようです。	
sun0776	SUN_0SUNL.BIN	1682A	1684A	中にコパルが２つ入っています。	
sun0777	SUN_0SUNL.BIN	1684A	16868	中に１つのコパルがあります。	
sun0778	SUN_0SUNL.BIN	16868	168BC	コパルを一つ取り出し、\n火をつけ、香炉にくべました。\pとてもいい香りがしてきます。	
sun0779	SUN_0SUNL.BIN	168BC	16902	どうやら、黄金で出来ている鏡のようですが、\n汚れており、光りません。	
sun0780	SUN_0SUNL.BIN	16902	1691A	まぶしく輝いています。	
sun0781	SUN_0SUNL.BIN	1691A	1696A	冷たい水に洗われ、黄金の鏡はすっかり\nきれいになり、光を反射して輝いています。	
sun0782	SUN_0SUNL.BIN	1696A	169DE	おおっ、\n天井から注ぐ光は、黄金の鏡に反射し、\p紋章の宝石に激しくあたると、\n壁がゆれ、だんだん開いていきました。	
sun0783	SUN_0SUNL.BIN	169DE	16A04	特に何も変ったところはないようです。	
sun0784	SUN_0SUNL.BIN	16A04	16A74	ツボは粉々に砕けましたが、\n中から、水晶で出来た物が見つかりました。\pなんと、水晶で出来ているカギのようです。	
sun0785	SUN_0SUNL.BIN	16A74	16AB8	水晶のカギは、ぴったりとくぼみに合いました。\n棺が開いていきます。	
sun0786	SUN_0SUNL.BIN	16AB8	16B1A	おやっ？　中から巻き物が出てきました。\p広げてみましたが、ただの白紙で、\n所々にシミがあります。	
sun0787	SUN_0SUNL.BIN	16B1A	16B48	巻き物に何かが現れました。\n地図のようです。	
sun0788	SUN_0SUNL.BIN	16B48	16B72	何か意味ありげですが、全くわかりません。	
sun0789	SUN_0SUNL.BIN	16B72	16BA6	ぼんやりと光っている、\n直径８～１２ｃｍの玉です。	
sun0790	SUN_0SUNL.BIN	16BA6	16BCE	玉は、スッポリと台座におさまりました。	
sun0791	SUN_0SUNL.BIN	16BCE	16C02	銀の玉は少しだけ小さく、\n台にはのらないようです。	
sun0792	SUN_0SUNL.BIN	16C02	16C26	直径１２～１５ｃｍの純金の玉です。	
sun0793	SUN_0SUNL.BIN	16C26	16C34	置きました。	
sun0794	SUN_0SUNL.BIN	16C34	16C84	髙さ４ｃｍ程の台です。台の上には、\n１２～１５ｃｍ位の物をのせられるようです。	
sun0795	SUN_0SUNL.BIN	16C84	16CCC	長さ２５ｃｍ位の金の笛ですが、\nあいにく下には穴が開き、壊れています。	
sun0796	SUN_0SUNL.BIN	16CCC	16D02	とりあえず、バンソーコーをはって\n穴をふさぎました。	
sun0797	SUN_0SUNL.BIN	16D02	16D2C	バンソーコーがはられ、修理されています。	
sun0798	SUN_0SUNL.BIN	16D2C	16D5A	下の穴から空気がもって、変な音しかでません。	
sun0799	SUN_0SUNL.BIN	16D5A	16DB2	いつも、自分が聴きなれているような\nメロディーを吹くと、\pジャガーが・・・元の姿に？！	
sun0800	SUN_0SUNL.BIN	16DB2	16DD8	特に何も変ったところはないようです。	
sun0801	SUN_0SUNL.BIN	16DD8	16E1A	変な音しかでません。\nこれ以上吹いても、気分が悪くなるだけです。	
sun0802	SUN_0SUNL.BIN	16E1A	16E48	笛の音が建物の中に署きました。\nすると・・・	
sun0803	SUN_0SUNL.BIN	16E48	16E6A	神秘的な２ｃｍ程の青い宝石です。	
sun0804	SUN_0SUNL.BIN	16E6A	16E9C	青の宝珠を\nマスクの瞳の部分に、はめ込みました。	
sun0805	SUN_0SUNL.BIN	16E9C	16EB6	ただの青い石みたいです。	
sun0806	SUN_0SUNL.BIN	16EB6	16EDE	青いブロックがはまり、壁が開きました。	
sun0807	SUN_0SUNL.BIN	16EDE	16F28	青いブロックがピタリとはまり、\n床がかすかにゆれると、入口が現れました。	
sun0808	SUN_0SUNL.BIN	16F28	16F46	歯車を固定している石片です。	
sun0809	SUN_0SUNL.BIN	16F46	16F64	歯止めが軸に固定されました。	
sun0810	SUN_0SUNL.BIN	16F64	16F9A	歯止めをはめました。\nしかし、何も変化はおきません。	
sun0811	SUN_0SUNL.BIN	16F9A	16FCC	取っ手がついており、\n回せるようになっています。	
sun0812	SUN_0SUNL.BIN	16FCC	16FF6	ハンドルは軸にしっかりはまったようです。	
sun0813	SUN_0SUNL.BIN	16FF6	17018	軸が折れていて、固定できません。	
sun0814	SUN_0SUNL.BIN	17018	1703C	大きさが２０ｃｍ程の銀のカギです。	
sun0815	SUN_0SUNL.BIN	1703C	17074	カチッと、音がしたようです。\nふたが閉まっていきます。	
sun0816	SUN_0SUNL.BIN	17074	1708E	ただの白い石みたいです。	
sun0817	SUN_0SUNL.BIN	1708E	170D2	両目を開けた人頭の造りものです。\n残念ながら、性別はわかりません。	
sun0818	SUN_0SUNL.BIN	170D2	17106	銀の首を像に置くと、\n手前の床に入口が開きました。	
sun0819	SUN_0SUNL.BIN	17106	1714C	穴に入るくらいですから、\n本当に小さいものです。サビがういています。	
sun0820	SUN_0SUNL.BIN	1714C	1718E	小さなカギを使うと、\nガチャンという音がして、神殿がゆれました。	
sun0821	SUN_0SUNL.BIN	1718E	171C0	太陽のカギの名に\nふさわしい輝きを見せています。	
sun0822	SUN_0SUNL.BIN	171C4	171FE	そっちに行ったら、\nジャガーに食べられてしまいますよ！！	
sun0823	SUN_0SUNL.BIN	171FE	17216	ジャガーが現れました！	
sun0824	SUN_0SUNL.BIN	17216	17268	真青なジャガーです。\p今まさに飛びかかろうとしています。\nはやく、逃げなくては！	
sun0825	SUN_0SUNL.BIN	1848C	184CA	尼僧院です。低い天井のこの部屋には、\n三体の石像があります。	
sun0826	SUN_0SUNL.BIN	184CA	184FE	背伸びをすると、\n頭をぶつけそうな、低い天井です。	
sun0827	SUN_0SUNL.BIN	184FE	18522	右手で何かを持つ格好をしています。	
sun0828	SUN_0SUNL.BIN	18522	18560	三体の像のうち、一番背の髙いこの像は、\n胸に飾りがあります。	
sun0829	SUN_0SUNL.BIN	18560	185A0	胸には、胸飾りがついていましたが、\n今はもう、何もありません。	
sun0830	SUN_0SUNL.BIN	185A0	185C4	両手で何かを持つ格好をしています。	
sun0831	SUN_0SUNL.BIN	185C4	185D2	古い床です。	
sun0832	SUN_0SUNL.BIN	185D2	185FA	前に戦士像、老人像、乙女像があります。	
sun0833	SUN_0SUNL.BIN	185FA	1863E	複雑な模様が刻まれている飾りに、\n２ｃｍ程の宝石がはまっています。	
sun0834	SUN_0SUNL.BIN	1863E	1865C	胸飾りをほじくり取りました。	
sun0835	SUN_0SUNL.BIN	1865C	186A2	もはや壊れてしまい、\n見ることができません。\nもう、何もありません。	
sun0836	SUN_0SUNL.BIN	186A2	186D8	胸飾りです。\n真ん中には、宝石がうめこまれています。	
sun0837	SUN_0SUNL.BIN	186D8	18710	複雑な模様が刻まれているふちに、\n宝石が輝いています。	
sun0838	SUN_0SUNL.BIN	18710	18742	飾りは取れましたが、\nふちを壊してしまいました。	
sun0839	SUN_0SUNL.BIN	18742	18754	前に進みました。	
sun0840	SUN_0SUNL.BIN	18754	18768	後ろに戻りました。	
sun0841	SUN_0SUNL.BIN	18768	1877A	右に進みました。	
sun0842	SUN_0SUNL.BIN	1877A	1878C	左に進みました。	
sun0843	SUN_0SUNL.BIN	1878C	1879C	上がりました。	
sun0844	SUN_0SUNL.BIN	1879C	187AA	下りました。	
sun0845	SUN_0SUNL.BIN	187AA	187C2	そっちへは行けません。	
sun0846	SUN_0SUNL.BIN	187C2	187D2	外へ出ました。	
sun0847	SUN_0SUNL.BIN	187D2	187F8	閉じ込められていて、外へ出れません。	
sun0848	SUN_0SUNL.BIN	187F8	1881A	体が小さすぎて、外へ出れません。	
sun0849	SUN_0SUNL.BIN	1881A	1883A	迷ってしまい、外へ出れません。	
sun0850	SUN_0SUNL.BIN	1883A	18864	おやっ、気分が元に戻ってしまったようだ。	
sun0851	SUN_0SUNL.BIN	18864	18872	待ちました。	
sun0852	SUN_0SUNL.BIN	18872	18880	動きません。	
sun0853	SUN_0SUNL.BIN	18880	1888E	使えません。	
sun0854	SUN_0SUNL.BIN	1888E	1889C	置きました。	
sun0855	SUN_0SUNL.BIN	1889C	188B2	置いても、無駄です。	
sun0856	SUN_0SUNL.BIN	188B2	188C0	洗えません。	
sun0857	SUN_0SUNL.BIN	188C0	188D4	残念、出来ません。	
sun0858	SUN_0SUNL.BIN	188D4	188E2	壊せません。	
sun0859	SUN_0SUNL.BIN	188E2	188F0	引けません。	
sun0860	SUN_0SUNL.BIN	188F0	188FE	押せません。	
sun0861	SUN_0SUNL.BIN	188FE	1891A	ここでは意味がありません。	
sun0862	SUN_0SUNL.BIN	1891A	18928	取りました。	
sun0863	SUN_0SUNL.BIN	18928	18936	取れません。	
sun0864	SUN_0SUNL.BIN	18936	18960	何か意味ありげですが、全くわかりません。	
sun0865	SUN_0SUNL.BIN	18960	1899C	タイルがカチリッとはまり、\n壁が上にスライドして行きます。	
sun0866	SUN_0SUNL.BIN	1899C	189C2	特に何も変ったところはないようです。	
sun0867	SUN_0SUNL.BIN	189C2	189DE	片目をつぶったマスクです。	
sun0868	SUN_0SUNL.BIN	189DE	18A10	マスクの右目には、\n赤の玉がはめ込まれています。	
sun0869	SUN_0SUNL.BIN	18A10	18A44	マスクの右目には、\n青の宝珠がはめ込まれています。	
sun0870	SUN_0SUNL.BIN	18A44	18A68	両目が開かれた、豪華なマスクです。	
sun0871	SUN_0SUNL.BIN	18A68	18A88	赤の玉が、はめ込まれています。	
sun0872	SUN_0SUNL.BIN	18A88	18AAA	青の宝珠が、はめ込まれています。	
sun0873	SUN_0SUNL.BIN	18AAA	18AEA	マスクの瞳の部分には、\n赤の玉と青の宝珠がはめ込まれています。	
sun0874	SUN_0SUNL.BIN	18AEA	18B14	尼僧院の老人像から、手に入れたものです。	
sun0875	SUN_0SUNL.BIN	18B14	18B34	特に変わった点はないようです。	
sun0876	SUN_0SUNL.BIN	18B34	18B52	銀の香炉を中央に置きました。	
sun0877	SUN_0SUNL.BIN	18B52	18B7E	赤く透き通った、\n直径２ｃｍ程の宝石です。	
sun0878	SUN_0SUNL.BIN	18B7E	18BA0	それはすでにセットされています。	
sun0879	SUN_0SUNL.BIN	18BA0	18BD0	マスクの瞳の部分に、\n赤の玉をはめ込みました。	
sun0880	SUN_0SUNL.BIN	18BD0	18C1E	長さ１５ｃｍ位の細身の小さな杖で、\n先端に玉があり、砂鉄がついてきています。	
sun0881	SUN_0SUNL.BIN	18C1E	18C54	小さな杖を使い、\nカギを吸いつけて、取り出しました。	
sun0882	SUN_0SUNL.BIN	18C54	18C66	見ての通りです。	
sun0883	SUN_0SUNL.BIN	18C66	18C90	小さい杖が、真ん中にセットされています。	
sun0884	SUN_0SUNL.BIN	18C90	18CE8	小さい杖は置かれると、\nクルクル回りはじめましたが、\nやがて一定の位置に止まりました。	
sun0885	SUN_0SUNL.BIN	18CE8	18D18	中に、何か水のようなものが入っているようです。	
sun0886	SUN_0SUNL.BIN	18D18	18D40	特に何も変わったところはないようです。	
sun0887	SUN_0SUNL.BIN	18D40	18D82	大きい薬ツボの中身を飲みました。\nおおっ、体が縮小していく・・・	
sun0888	SUN_0SUNL.BIN	18D82	18DD2	中に、何か水のようなものが入っているようです。\n大きさからして、目薬でしょう。	
sun0889	SUN_0SUNL.BIN	18DD2	18E14	小さい薬ツボの中身を飲みました。\nよかった、体が戻っていきます。	
sun0890	SUN_0SUNL.BIN	18E14	18E2E	普通のバンソーコーです。	
sun0891	SUN_0SUNL.BIN	18E2E	18E68	ざらざらした原始的なツボです。\n封印されているようです。	
sun0892	SUN_0SUNL.BIN	18E68	18E96	沢山の石片をつないで作った、ツボのようです。	
sun0893	SUN_0SUNL.BIN	18E96	18EB6	中にコパルが２つ入っています。	
sun0894	SUN_0SUNL.BIN	18EB6	18ED4	中に１つのコパルがあります。	
sun0895	SUN_0SUNL.BIN	18ED4	18F28	コパルを一つ取り出し、\n火をつけ、香炉にくべました。\pとてもいい香りがしてきます。	
sun0896	SUN_0SUNL.BIN	18F28	18F6E	どうやら、黄金で出来ている鏡のようですが、\n汚れており、光りません。	
sun0897	SUN_0SUNL.BIN	18F6E	18F86	まぶしく輝いています。	
sun0898	SUN_0SUNL.BIN	18F86	18FD6	冷たい水に洗われ、黄金の鏡はすっかり\nきれいになり、光を反射して輝いています。	
sun0899	SUN_0SUNL.BIN	18FD6	1904A	おおっ、\n天井から注ぐ光は、黄金の鏡に反射し、\p紋章の宝石に激しくあたると、\n壁がゆれ、だんだん開いていきました。	
sun0900	SUN_0SUNL.BIN	1904A	19070	特に何も変ったところはないようです。	
sun0901	SUN_0SUNL.BIN	19070	190E0	ツボは粉々に砕けましたが、\n中から、水晶で出来た物が見つかりました。\pなんと、水晶で出来ているカギのようです。	
sun0902	SUN_0SUNL.BIN	190E0	19124	水晶のカギは、ぴったりとくぼみに合いました。\n棺が開いていきます。	
sun0903	SUN_0SUNL.BIN	19124	19186	おやっ？　中から巻き物が出てきました。\p広げてみましたが、ただの白紙で、\n所々にシミがあります。	
sun0904	SUN_0SUNL.BIN	19186	191B4	巻き物に何かが現れました。\n地図のようです。	
sun0905	SUN_0SUNL.BIN	191B4	191DE	何か意味ありげですが、全くわかりません。	
sun0906	SUN_0SUNL.BIN	191DE	19212	ぼんやりと光っている、\n直径８～１２ｃｍの玉です。	
sun0907	SUN_0SUNL.BIN	19212	1923A	玉は、スッポリと台座におさまりました。	
sun0908	SUN_0SUNL.BIN	1923A	1926E	銀の玉は少しだけ小さく、\n台にはのらないようです。	
sun0909	SUN_0SUNL.BIN	1926E	19292	直径１２～１５ｃｍの純金の玉です。	
sun0910	SUN_0SUNL.BIN	19292	192A0	置きました。	
sun0911	SUN_0SUNL.BIN	192A0	192F0	髙さ４ｃｍ程の台です。台の上には、\n１２～１５ｃｍ位の物をのせられるようです。	
sun0912	SUN_0SUNL.BIN	192F0	19338	長さ２５ｃｍ位の金の笛ですが、\nあいにく下には穴が開き、壊れています。	
sun0913	SUN_0SUNL.BIN	19338	1936E	とりあえず、バンソーコーをはって\n穴をふさぎました。	
sun0914	SUN_0SUNL.BIN	1936E	19398	バンソーコーがはられ、修理されています。	
sun0915	SUN_0SUNL.BIN	19398	193C6	下の穴から空気がもって、変な音しかでません。	
sun0916	SUN_0SUNL.BIN	193C6	1941E	いつも、自分が聴きなれているような\nメロディーを吹くと、\pジャガーが・・・元の姿に？！	
sun0917	SUN_0SUNL.BIN	1941E	19444	特に何も変ったところはないようです。	
sun0918	SUN_0SUNL.BIN	19444	19486	変な音しかでません。\nこれ以上吹いても、気分が悪くなるだけです。	
sun0919	SUN_0SUNL.BIN	19486	194B4	笛の音が建物の中に署きました。\nすると・・・	
sun0920	SUN_0SUNL.BIN	194B4	194D6	神秘的な２ｃｍ程の青い宝石です。	
sun0921	SUN_0SUNL.BIN	194D6	19508	青の宝珠を\nマスクの瞳の部分に、はめ込みました。	
sun0922	SUN_0SUNL.BIN	19508	19522	ただの青い石みたいです。	
sun0923	SUN_0SUNL.BIN	19522	1954A	青いブロックがはまり、壁が開きました。	
sun0924	SUN_0SUNL.BIN	1954A	19594	青いブロックがピタリとはまり、\n床がかすかにゆれると、入口が現れました。	
sun0925	SUN_0SUNL.BIN	19594	195B2	歯車を固定している石片です。	
sun0926	SUN_0SUNL.BIN	195B2	195D0	歯止めが軸に固定されました。	
sun0927	SUN_0SUNL.BIN	195D0	19606	歯止めをはめました。\nしかし、何も変化はおきません。	
sun0928	SUN_0SUNL.BIN	19606	19638	取っ手がついており、\n回せるようになっています。	
sun0929	SUN_0SUNL.BIN	19638	19662	ハンドルは軸にしっかりはまったようです。	
sun0930	SUN_0SUNL.BIN	19662	19684	軸が折れていて、固定できません。	
sun0931	SUN_0SUNL.BIN	19684	196A8	大きさが２０ｃｍ程の銀のカギです。	
sun0932	SUN_0SUNL.BIN	196A8	196E0	カチッと、音がしたようです。\nふたが閉まっていきます。	
sun0933	SUN_0SUNL.BIN	196E0	196FA	ただの白い石みたいです。	
sun0934	SUN_0SUNL.BIN	196FA	1973E	両目を開けた人頭の造りものです。\n残念ながら、性別はわかりません。	
sun0935	SUN_0SUNL.BIN	1973E	19772	銀の首を像に置くと、\n手前の床に入口が開きました。	
sun0936	SUN_0SUNL.BIN	19772	197B8	穴に入るくらいですから、\n本当に小さいものです。サビがういています。	
sun0937	SUN_0SUNL.BIN	197B8	197FA	小さなカギを使うと、\nガチャンという音がして、神殿がゆれました。	
sun0938	SUN_0SUNL.BIN	197FA	1982C	太陽のカギの名に\nふさわしい輝きを見せています。	
sun0939	SUN_0SUNL.BIN	19830	1986A	そっちに行ったら、\nジャガーに食べられてしまいますよ！！	
sun0940	SUN_0SUNL.BIN	1986A	19882	ジャガーが現れました！	
sun0941	SUN_0SUNL.BIN	19882	198D4	真青なジャガーです。\p今まさに飛びかかろうとしています。\nはやく、逃げなくては！	
sun0942	SUN_0SUNL.BIN	1AF9E	1AFE6	戦士の神殿です。左に乙女像、右に戦士像、\n正面にジャガー像があります。	
sun0943	SUN_0SUNL.BIN	1AFE6	1AFFC	ごく普通の天井です。	
sun0944	SUN_0SUNL.BIN	1AFFC	1B058	透き通るような、\nきれいな２ｃｍ位の宝石です。\pジャガー像の額に、青い宝石がついています。	
sun0945	SUN_0SUNL.BIN	1B058	1B07A	額には、青い宝石をつけています。	
sun0946	SUN_0SUNL.BIN	1B07A	1B0AE	ぼんやりと光っている、\n直径８～１２ｃｍの玉です。	
sun0947	SUN_0SUNL.BIN	1B0AE	1B0DA	手に何かを持っていたような\n戦士の像です。	
sun0948	SUN_0SUNL.BIN	1B0DA	1B0F8	銀の玉を両手で抱いています。	
sun0949	SUN_0SUNL.BIN	1B0F8	1B118	怪しいところは、ないようです。	
sun0950	SUN_0SUNL.BIN	1B118	1B146	壁自体には、何も変わったところはありません。	
sun0951	SUN_0SUNL.BIN	1B146	1B156	ただの床です。	
sun0952	SUN_0SUNL.BIN	1B156	1B186	取ろうとして触れた途端、\n像が動きだしました。	
sun0953	SUN_0SUNL.BIN	1B186	1B1AE	もう、何もない\nただのジャガー像です。	
sun0954	SUN_0SUNL.BIN	1B1AE	1B1DC	像が、本物のジャガーに変わってしまいました。	
sun0955	SUN_0SUNL.BIN	1B1DC	1B202	他の目と同様、不気味に輝いています。	
sun0956	SUN_0SUNL.BIN	1B202	1B240	牙をむいてこちらをにらんでいます。\nかなり危険な雰囲気です。	
sun0957	SUN_0SUNL.BIN	1B240	1B24E	取れません。	
sun0958	SUN_0SUNL.BIN	1B24E	1B27A	戦士の神殿ですが、ジャガーが消えています。	
sun0959	SUN_0SUNL.BIN	1B27A	1B29A	怪しいところは、ないようです。	
sun0960	SUN_0SUNL.BIN	1B29A	1B2B2	穴をのぞきこみました。	
sun0961	SUN_0SUNL.BIN	1B2B2	1B2EC	ジャガー像のあった壁の中央に、\n小さな穴が開いています。	
sun0962	SUN_0SUNL.BIN	1B2EC	1B30A	壁に小さな穴が開いています。	
sun0963	SUN_0SUNL.BIN	1B30A	1B348	穴があり、その奧の方に、\nカギみたいな小さいものがあります。	
sun0964	SUN_0SUNL.BIN	1B348	1B38E	穴に入るくらいですから、\n本当に小さいものです。サビが浮いています。	
sun0965	SUN_0SUNL.BIN	1B38E	1B3B0	穴が小さすぎて、指が入りません。	
sun0966	SUN_0SUNL.BIN	1B3B0	1B3C8	壁に穴が開いています。	
sun0967	SUN_0SUNL.BIN	1B3C8	1B3E0	もう、何もありません。	
sun0968	SUN_0SUNL.BIN	1B3E0	1B3F2	前に進みました。	
sun0969	SUN_0SUNL.BIN	1B3F2	1B406	後ろに戻りました。	
sun0970	SUN_0SUNL.BIN	1B406	1B418	右に進みました。	
sun0971	SUN_0SUNL.BIN	1B418	1B42A	左に進みました。	
sun0972	SUN_0SUNL.BIN	1B42A	1B43A	上がりました。	
sun0973	SUN_0SUNL.BIN	1B43A	1B448	下りました。	
sun0974	SUN_0SUNL.BIN	1B448	1B460	そっちへは行けません。	
sun0975	SUN_0SUNL.BIN	1B460	1B470	外へ出ました。	
sun0976	SUN_0SUNL.BIN	1B470	1B496	閉じ込められていて、外へ出れません。	
sun0977	SUN_0SUNL.BIN	1B496	1B4B8	体が小さすぎて、外へ出れません。	
sun0978	SUN_0SUNL.BIN	1B4B8	1B4D8	迷ってしまい、外へ出れません。	
sun0979	SUN_0SUNL.BIN	1B4D8	1B502	おやっ、気分が元に戻ってしまったようだ。	
sun0980	SUN_0SUNL.BIN	1B502	1B510	待ちました。	
sun0981	SUN_0SUNL.BIN	1B510	1B51E	動きません。	
sun0982	SUN_0SUNL.BIN	1B51E	1B52C	使えません。	
sun0983	SUN_0SUNL.BIN	1B52C	1B53A	置きました。	
sun0984	SUN_0SUNL.BIN	1B53A	1B550	置いても、無駄です。	
sun0985	SUN_0SUNL.BIN	1B550	1B55E	洗えません。	
sun0986	SUN_0SUNL.BIN	1B55E	1B572	残念、出来ません。	
sun0987	SUN_0SUNL.BIN	1B572	1B580	壊せません。	
sun0988	SUN_0SUNL.BIN	1B580	1B58E	引けません。	
sun0989	SUN_0SUNL.BIN	1B58E	1B59C	押せません。	
sun0990	SUN_0SUNL.BIN	1B59C	1B5B8	ここでは意味がありません。	
sun0991	SUN_0SUNL.BIN	1B5B8	1B5C6	取りました。	
sun0992	SUN_0SUNL.BIN	1B5C6	1B5D4	取れません。	
sun0993	SUN_0SUNL.BIN	1B5D4	1B5FE	何か意味ありげですが、全くわかりません。	
sun0994	SUN_0SUNL.BIN	1B5FE	1B63A	タイルがカチリッとはまり、\n壁が上にスライドして行きます。	
sun0995	SUN_0SUNL.BIN	1B63A	1B660	特に何も変ったところはないようです。	
sun0996	SUN_0SUNL.BIN	1B660	1B67C	片目をつぶったマスクです。	
sun0997	SUN_0SUNL.BIN	1B67C	1B6AE	マスクの右目には、\n赤の玉がはめ込まれています。	
sun0998	SUN_0SUNL.BIN	1B6AE	1B6E2	マスクの右目には、\n青の宝珠がはめ込まれています。	
sun0999	SUN_0SUNL.BIN	1B6E2	1B706	両目が開かれた、豪華なマスクです。	
sun1000	SUN_0SUNL.BIN	1B706	1B726	赤の玉が、はめ込まれています。	
sun1001	SUN_0SUNL.BIN	1B726	1B748	青の宝珠が、はめ込まれています。	
sun1002	SUN_0SUNL.BIN	1B748	1B788	マスクの瞳の部分には、\n赤の玉と青の宝珠がはめ込まれています。	
sun1003	SUN_0SUNL.BIN	1B788	1B7B2	尼僧院の老人像から、手に入れたものです。	
sun1004	SUN_0SUNL.BIN	1B7B2	1B7D2	特に変わった点はないようです。	
sun1005	SUN_0SUNL.BIN	1B7D2	1B7F0	銀の香炉を中央に置きました。	
sun1006	SUN_0SUNL.BIN	1B7F0	1B81C	赤く透き通った、\n直径２ｃｍ程の宝石です。	
sun1007	SUN_0SUNL.BIN	1B81C	1B83E	それはすでにセットされています。	
sun1008	SUN_0SUNL.BIN	1B83E	1B86E	マスクの瞳の部分に、\n赤の玉をはめ込みました。	
sun1009	SUN_0SUNL.BIN	1B86E	1B8BC	長さ１５ｃｍ位の細身の小さな杖で、\n先端に玉があり、砂鉄がついてきています。	
sun1010	SUN_0SUNL.BIN	1B8BC	1B8F2	小さな杖を使い、\nカギを吸いつけて、取り出しました。	
sun1011	SUN_0SUNL.BIN	1B8F2	1B904	見ての通りです。	
sun1012	SUN_0SUNL.BIN	1B904	1B92E	小さい杖が、真ん中にセットされています。	
sun1013	SUN_0SUNL.BIN	1B92E	1B986	小さい杖は置かれると、\nクルクル回りはじめましたが、\nやがて一定の位置に止まりました。	
sun1014	SUN_0SUNL.BIN	1B986	1B9B6	中に、何か水のようなものが入っているようです。	
sun1015	SUN_0SUNL.BIN	1B9B6	1B9DE	特に何も変わったところはないようです。	
sun1016	SUN_0SUNL.BIN	1B9DE	1BA20	大きい薬ツボの中身を飲みました。\nおおっ、体が縮小していく・・・	
sun1017	SUN_0SUNL.BIN	1BA20	1BA70	中に、何か水のようなものが入っているようです。\n大きさからして、目薬でしょう。	
sun1018	SUN_0SUNL.BIN	1BA70	1BAB2	小さい薬ツボの中身を飲みました。\nよかった、体が戻っていきます。	
sun1019	SUN_0SUNL.BIN	1BAB2	1BACC	普通のバンソーコーです。	
sun1020	SUN_0SUNL.BIN	1BACC	1BB06	ざらざらした原始的なツボです。\n封印されているようです。	
sun1021	SUN_0SUNL.BIN	1BB06	1BB34	沢山の石片をつないで作った、ツボのようです。	
sun1022	SUN_0SUNL.BIN	1BB34	1BB54	中にコパルが２つ入っています。	
sun1023	SUN_0SUNL.BIN	1BB54	1BB72	中に１つのコパルがあります。	
sun1024	SUN_0SUNL.BIN	1BB72	1BBC6	コパルを一つ取り出し、\n火をつけ、香炉にくべました。\pとてもいい香りがしてきます。	
sun1025	SUN_0SUNL.BIN	1BBC6	1BC0C	どうやら、黄金で出来ている鏡のようですが、\n汚れており、光りません。	
sun1026	SUN_0SUNL.BIN	1BC0C	1BC24	まぶしく輝いています。	
sun1027	SUN_0SUNL.BIN	1BC24	1BC74	冷たい水に洗われ、黄金の鏡はすっかり\nきれいになり、光を反射して輝いています。	
sun1028	SUN_0SUNL.BIN	1BC74	1BCE8	おおっ、\n天井から注ぐ光は、黄金の鏡に反射し、\p紋章の宝石に激しくあたると、\n壁がゆれ、だんだん開いていきました。	
sun1029	SUN_0SUNL.BIN	1BCE8	1BD0E	特に何も変ったところはないようです。	
sun1030	SUN_0SUNL.BIN	1BD0E	1BD7E	ツボは粉々に砕けましたが、\n中から、水晶で出来た物が見つかりました。\pなんと、水晶で出来ているカギのようです。	
sun1031	SUN_0SUNL.BIN	1BD7E	1BDC2	水晶のカギは、ぴったりとくぼみに合いました。\n棺が開いていきます。	
sun1032	SUN_0SUNL.BIN	1BDC2	1BE24	おやっ？　中から巻き物が出てきました。\p広げてみましたが、ただの白紙で、\n所々にシミがあります。	
sun1033	SUN_0SUNL.BIN	1BE24	1BE52	巻き物に何かが現れました。\n地図のようです。	
sun1034	SUN_0SUNL.BIN	1BE52	1BE7C	何か意味ありげですが、全くわかりません。	
sun1035	SUN_0SUNL.BIN	1BE7C	1BEB0	ぼんやりと光っている、\n直径８～１２ｃｍの玉です。	
sun1036	SUN_0SUNL.BIN	1BEB0	1BED8	玉は、スッポリと台座におさまりました。	
sun1037	SUN_0SUNL.BIN	1BED8	1BF0C	銀の玉は少しだけ小さく、\n台にはのらないようです。	
sun1038	SUN_0SUNL.BIN	1BF0C	1BF30	直径１２～１５ｃｍの純金の玉です。	
sun1039	SUN_0SUNL.BIN	1BF30	1BF3E	置きました。	
sun1040	SUN_0SUNL.BIN	1BF3E	1BF8E	髙さ４ｃｍ程の台です。台の上には、\n１２～１５ｃｍ位の物をのせられるようです。	
sun1041	SUN_0SUNL.BIN	1BF8E	1BFD6	長さ２５ｃｍ位の金の笛ですが、\nあいにく下には穴が開き、壊れています。	
sun1042	SUN_0SUNL.BIN	1BFD6	1C00C	とりあえず、バンソーコーをはって\n穴をふさぎました。	
sun1043	SUN_0SUNL.BIN	1C00C	1C036	バンソーコーがはられ、修理されています。	
sun1044	SUN_0SUNL.BIN	1C036	1C064	下の穴から空気がもって、変な音しかでません。	
sun1045	SUN_0SUNL.BIN	1C064	1C0BC	いつも、自分が聴きなれているような\nメロディーを吹くと、\pジャガーが・・・元の姿に？！	
sun1046	SUN_0SUNL.BIN	1C0BC	1C0E2	特に何も変ったところはないようです。	
sun1047	SUN_0SUNL.BIN	1C0E2	1C124	変な音しかでません。\nこれ以上吹いても、気分が悪くなるだけです。	
sun1048	SUN_0SUNL.BIN	1C124	1C152	笛の音が建物の中に署きました。\nすると・・・	
sun1049	SUN_0SUNL.BIN	1C152	1C174	神秘的な２ｃｍ程の青い宝石です。	
sun1050	SUN_0SUNL.BIN	1C174	1C1A6	青の宝珠を\nマスクの瞳の部分に、はめ込みました。	
sun1051	SUN_0SUNL.BIN	1C1A6	1C1C0	ただの青い石みたいです。	
sun1052	SUN_0SUNL.BIN	1C1C0	1C1E8	青いブロックがはまり、壁が開きました。	
sun1053	SUN_0SUNL.BIN	1C1E8	1C232	青いブロックがピタリとはまり、\n床がかすかにゆれると、入口が現れました。	
sun1054	SUN_0SUNL.BIN	1C232	1C250	歯車を固定している石片です。	
sun1055	SUN_0SUNL.BIN	1C250	1C26E	歯止めが軸に固定されました。	
sun1056	SUN_0SUNL.BIN	1C26E	1C2A4	歯止めをはめました。\nしかし、何も変化はおきません。	
sun1057	SUN_0SUNL.BIN	1C2A4	1C2D6	取っ手がついており、\n回せるようになっています。	
sun1058	SUN_0SUNL.BIN	1C2D6	1C300	ハンドルは軸にしっかりはまったようです。	
sun1059	SUN_0SUNL.BIN	1C300	1C322	軸が折れていて、固定できません。	
sun1060	SUN_0SUNL.BIN	1C322	1C346	大きさが２０ｃｍ程の銀のカギです。	
sun1061	SUN_0SUNL.BIN	1C346	1C37E	カチッと、音がしたようです。\nふたが閉まっていきます。	
sun1062	SUN_0SUNL.BIN	1C37E	1C398	ただの白い石みたいです。	
sun1063	SUN_0SUNL.BIN	1C398	1C3DC	両目を開けた人頭の造りものです。\n残念ながら、性別はわかりません。	
sun1064	SUN_0SUNL.BIN	1C3DC	1C410	銀の首を像に置くと、\n手前の床に入口が開きました。	
sun1065	SUN_0SUNL.BIN	1C410	1C456	穴に入るくらいですから、\n本当に小さいものです。サビがういています。	
sun1066	SUN_0SUNL.BIN	1C456	1C498	小さなカギを使うと、\nガチャンという音がして、神殿がゆれました。	
sun1067	SUN_0SUNL.BIN	1C498	1C4CA	太陽のカギの名に\nふさわしい輝きを見せています。	
sun1068	SUN_0SUNL.BIN	1C4CE	1C508	そっちに行ったら、\nジャガーに食べられてしまいますよ！！	
sun1069	SUN_0SUNL.BIN	1C508	1C520	ジャガーが現れました！	
sun1070	SUN_0SUNL.BIN	1C520	1C572	真青なジャガーです。\p今まさに飛びかかろうとしています。\nはやく、逃げなくては！	
sun1071	SUN_0SUNL.BIN	1DA7C	1DAA6	千柱の間です。\n沢山の柱が並んでいます。	
sun1072	SUN_0SUNL.BIN	1DAA6	1DAC6	色々な模様が施してある柱です。	
sun1073	SUN_0SUNL.BIN	1DAC6	1DADA	草が生えています。	
sun1074	SUN_0SUNL.BIN	1DADA	1DB06	千柱の間です。\n奧の方の柱が光っています。	
sun1075	SUN_0SUNL.BIN	1DB06	1DB3A	草が生えている以外、\n変わったところはありません。	
sun1076	SUN_0SUNL.BIN	1DB3A	1DB5C	奧の方で光っている柱があります。	
sun1077	SUN_0SUNL.BIN	1DB5C	1DB7A	光っている柱の前に来ました。	
sun1078	SUN_0SUNL.BIN	1DB7A	1DB92	光を受け輝いています。	
sun1079	SUN_0SUNL.BIN	1DB92	1DBAC	普通の地面ですが・・・・	
sun1080	SUN_0SUNL.BIN	1DBAC	1DBCA	黄金の玉が埋まっていました。	
sun1081	SUN_0SUNL.BIN	1DBCA	1DC06	柱の根元をはがしました。\nすると、黄金の玉が出てきました。	
sun1082	SUN_0SUNL.BIN	1DC06	1DC20	黄金の玉を見つけました。	
sun1083	SUN_0SUNL.BIN	1DC20	1DC44	直径１２～１５ｃｍの純金の玉です。	
sun1084	SUN_0SUNL.BIN	1DC44	1DC60	黄金の玉が見つかりました。	
sun1085	SUN_0SUNL.BIN	1DC60	1DC6E	取りました。	
sun1086	SUN_0SUNL.BIN	1DC6E	1DC98	掘られた柱の根元には、\n何もありません。	
sun1087	SUN_0SUNL.BIN	1DC98	1DCAA	何もありません。	
sun1088	SUN_0SUNL.BIN	1DCAA	1DCBC	何もありません。	
sun1089	SUN_0SUNL.BIN	1DCBC	1DCD6	銀の首が見つかりました。	
sun1090	SUN_0SUNL.BIN	1DCD6	1DD06	柱の根元をはがすと、\n純銀の首が出土しました。	
sun1091	SUN_0SUNL.BIN	1DD06	1DD4A	両目を開けた人頭の造りのものです。\n残念ながら性別はわかりません。	
sun1092	SUN_0SUNL.BIN	1DD4A	1DD66	銀の首が横たわっています。	
sun1093	SUN_0SUNL.BIN	1DD66	1DD82	銀の首が横たわっています。	
sun1094	SUN_0SUNL.BIN	1DD82	1DDB0	取りました。\nずっしりとした重さを感じます。	
sun1095	SUN_0SUNL.BIN	1DDB0	1DDCE	黄金の首が横たわっています。	
sun1096	SUN_0SUNL.BIN	1DDCE	1DDFE	柱の根元をはがして、\n黄金の首を見つけました。	
sun1097	SUN_0SUNL.BIN	1DDFE	1DE1C	黄金の首が横たわっています。	
sun1098	SUN_0SUNL.BIN	1DE1C	1DE50	純金で人頭をかたどったものです。\n性別は不明です。	
sun1099	SUN_0SUNL.BIN	1DE50	1DE7E	取りました。\nずっしりとした重さを感じます。	
sun1100	SUN_0SUNL.BIN	1DE7E	1DE90	前に進みました。	
sun1101	SUN_0SUNL.BIN	1DE90	1DEA4	後ろに戻りました。	
sun1102	SUN_0SUNL.BIN	1DEA4	1DEB6	右に進みました。	
sun1103	SUN_0SUNL.BIN	1DEB6	1DEC8	左に進みました。	
sun1104	SUN_0SUNL.BIN	1DEC8	1DED8	上がりました。	
sun1105	SUN_0SUNL.BIN	1DED8	1DEE6	下りました。	
sun1106	SUN_0SUNL.BIN	1DEE6	1DEFE	そっちへは行けません。	
sun1107	SUN_0SUNL.BIN	1DEFE	1DF0E	外へ出ました。	
sun1108	SUN_0SUNL.BIN	1DF0E	1DF34	閉じ込められていて、外へ出れません。	
sun1109	SUN_0SUNL.BIN	1DF34	1DF56	体が小さすぎて、外へ出れません。	
sun1110	SUN_0SUNL.BIN	1DF56	1DF76	迷ってしまい、外へ出れません。	
sun1111	SUN_0SUNL.BIN	1DF76	1DFA0	おやっ、気分が元に戻ってしまったようだ。	
sun1112	SUN_0SUNL.BIN	1DFA0	1DFAE	待ちました。	
sun1113	SUN_0SUNL.BIN	1DFAE	1DFBC	動きません。	
sun1114	SUN_0SUNL.BIN	1DFBC	1DFCA	使えません。	
sun1115	SUN_0SUNL.BIN	1DFCA	1DFD8	置きました。	
sun1116	SUN_0SUNL.BIN	1DFD8	1DFEE	置いても、無駄です。	
sun1117	SUN_0SUNL.BIN	1DFEE	1DFFC	洗えません。	
sun1118	SUN_0SUNL.BIN	1DFFC	1E010	残念、出来ません。	
sun1119	SUN_0SUNL.BIN	1E010	1E01E	壊せません。	
sun1120	SUN_0SUNL.BIN	1E01E	1E02C	引けません。	
sun1121	SUN_0SUNL.BIN	1E02C	1E03A	押せません。	
sun1122	SUN_0SUNL.BIN	1E03A	1E056	ここでは意味がありません。	
sun1123	SUN_0SUNL.BIN	1E056	1E064	取りました。	
sun1124	SUN_0SUNL.BIN	1E064	1E072	取れません。	
sun1125	SUN_0SUNL.BIN	1E072	1E09C	何か意味ありげですが、全くわかりません。	
sun1126	SUN_0SUNL.BIN	1E09C	1E0D8	タイルがカチリッとはまり、\n壁が上にスライドして行きます。	
sun1127	SUN_0SUNL.BIN	1E0D8	1E0FE	特に何も変ったところはないようです。	
sun1128	SUN_0SUNL.BIN	1E0FE	1E11A	片目をつぶったマスクです。	
sun1129	SUN_0SUNL.BIN	1E11A	1E14C	マスクの右目には、\n赤の玉がはめ込まれています。	
sun1130	SUN_0SUNL.BIN	1E14C	1E180	マスクの右目には、\n青の宝珠がはめ込まれています。	
sun1131	SUN_0SUNL.BIN	1E180	1E1A4	両目が開かれた、豪華なマスクです。	
sun1132	SUN_0SUNL.BIN	1E1A4	1E1C4	赤の玉が、はめ込まれています。	
sun1133	SUN_0SUNL.BIN	1E1C4	1E1E6	青の宝珠が、はめ込まれています。	
sun1134	SUN_0SUNL.BIN	1E1E6	1E226	マスクの瞳の部分には、\n赤の玉と青の宝珠がはめ込まれています。	
sun1135	SUN_0SUNL.BIN	1E226	1E250	尼僧院の老人像から、手に入れたものです。	
sun1136	SUN_0SUNL.BIN	1E250	1E270	特に変わった点はないようです。	
sun1137	SUN_0SUNL.BIN	1E270	1E28E	銀の香炉を中央に置きました。	
sun1138	SUN_0SUNL.BIN	1E28E	1E2BA	赤く透き通った、\n直径２ｃｍ程の宝石です。	
sun1139	SUN_0SUNL.BIN	1E2BA	1E2DC	それはすでにセットされています。	
sun1140	SUN_0SUNL.BIN	1E2DC	1E30C	マスクの瞳の部分に、\n赤の玉をはめ込みました。	
sun1141	SUN_0SUNL.BIN	1E30C	1E35A	長さ１５ｃｍ位の細身の小さな杖で、\n先端に玉があり、砂鉄がついてきています。	
sun1142	SUN_0SUNL.BIN	1E35A	1E390	小さな杖を使い、\nカギを吸いつけて、取り出しました。	
sun1143	SUN_0SUNL.BIN	1E390	1E3A2	見ての通りです。	
sun1144	SUN_0SUNL.BIN	1E3A2	1E3CC	小さい杖が、真ん中にセットされています。	
sun1145	SUN_0SUNL.BIN	1E3CC	1E424	小さい杖は置かれると、\nクルクル回りはじめましたが、\nやがて一定の位置に止まりました。	
sun1146	SUN_0SUNL.BIN	1E424	1E454	中に、何か水のようなものが入っているようです。	
sun1147	SUN_0SUNL.BIN	1E454	1E47C	特に何も変わったところはないようです。	
sun1148	SUN_0SUNL.BIN	1E47C	1E4BE	大きい薬ツボの中身を飲みました。\nおおっ、体が縮小していく・・・	
sun1149	SUN_0SUNL.BIN	1E4BE	1E50E	中に、何か水のようなものが入っているようです。\n大きさからして、目薬でしょう。	
sun1150	SUN_0SUNL.BIN	1E50E	1E550	小さい薬ツボの中身を飲みました。\nよかった、体が戻っていきます。	
sun1151	SUN_0SUNL.BIN	1E550	1E56A	普通のバンソーコーです。	
sun1152	SUN_0SUNL.BIN	1E56A	1E5A4	ざらざらした原始的なツボです。\n封印されているようです。	
sun1153	SUN_0SUNL.BIN	1E5A4	1E5D2	沢山の石片をつないで作った、ツボのようです。	
sun1154	SUN_0SUNL.BIN	1E5D2	1E5F2	中にコパルが２つ入っています。	
sun1155	SUN_0SUNL.BIN	1E5F2	1E610	中に１つのコパルがあります。	
sun1156	SUN_0SUNL.BIN	1E610	1E664	コパルを一つ取り出し、\n火をつけ、香炉にくべました。\pとてもいい香りがしてきます。	
sun1157	SUN_0SUNL.BIN	1E664	1E6AA	どうやら、黄金で出来ている鏡のようですが、\n汚れており、光りません。	
sun1158	SUN_0SUNL.BIN	1E6AA	1E6C2	まぶしく輝いています。	
sun1159	SUN_0SUNL.BIN	1E6C2	1E712	冷たい水に洗われ、黄金の鏡はすっかり\nきれいになり、光を反射して輝いています。	
sun1160	SUN_0SUNL.BIN	1E712	1E786	おおっ、\n天井から注ぐ光は、黄金の鏡に反射し、\p紋章の宝石に激しくあたると、\n壁がゆれ、だんだん開いていきました。	
sun1161	SUN_0SUNL.BIN	1E786	1E7AC	特に何も変ったところはないようです。	
sun1162	SUN_0SUNL.BIN	1E7AC	1E81C	ツボは粉々に砕けましたが、\n中から、水晶で出来た物が見つかりました。\pなんと、水晶で出来ているカギのようです。	
sun1163	SUN_0SUNL.BIN	1E81C	1E860	水晶のカギは、ぴったりとくぼみに合いました。\n棺が開いていきます。	
sun1164	SUN_0SUNL.BIN	1E860	1E8C2	おやっ？　中から巻き物が出てきました。\p広げてみましたが、ただの白紙で、\n所々にシミがあります。	
sun1165	SUN_0SUNL.BIN	1E8C2	1E8F0	巻き物に何かが現れました。\n地図のようです。	
sun1166	SUN_0SUNL.BIN	1E8F0	1E91A	何か意味ありげですが、全くわかりません。	
sun1167	SUN_0SUNL.BIN	1E91A	1E94E	ぼんやりと光っている、\n直径８～１２ｃｍの玉です。	
sun1168	SUN_0SUNL.BIN	1E94E	1E976	玉は、スッポリと台座におさまりました。	
sun1169	SUN_0SUNL.BIN	1E976	1E9AA	銀の玉は少しだけ小さく、\n台にはのらないようです。	
sun1170	SUN_0SUNL.BIN	1E9AA	1E9CE	直径１２～１５ｃｍの純金の玉です。	
sun1171	SUN_0SUNL.BIN	1E9CE	1E9DC	置きました。	
sun1172	SUN_0SUNL.BIN	1E9DC	1EA2C	髙さ４ｃｍ程の台です。台の上には、\n１２～１５ｃｍ位の物をのせられるようです。	
sun1173	SUN_0SUNL.BIN	1EA2C	1EA74	長さ２５ｃｍ位の金の笛ですが、\nあいにく下には穴が開き、壊れています。	
sun1174	SUN_0SUNL.BIN	1EA74	1EAAA	とりあえず、バンソーコーをはって\n穴をふさぎました。	
sun1175	SUN_0SUNL.BIN	1EAAA	1EAD4	バンソーコーがはられ、修理されています。	
sun1176	SUN_0SUNL.BIN	1EAD4	1EB02	下の穴から空気がもって、変な音しかでません。	
sun1177	SUN_0SUNL.BIN	1EB02	1EB5A	いつも、自分が聴きなれているような\nメロディーを吹くと、\pジャガーが・・・元の姿に？！	
sun1178	SUN_0SUNL.BIN	1EB5A	1EB80	特に何も変ったところはないようです。	
sun1179	SUN_0SUNL.BIN	1EB80	1EBC2	変な音しかでません。\nこれ以上吹いても、気分が悪くなるだけです。	
sun1180	SUN_0SUNL.BIN	1EBC2	1EBF0	笛の音が建物の中に署きました。\nすると・・・	
sun1181	SUN_0SUNL.BIN	1EBF0	1EC12	神秘的な２ｃｍ程の青い宝石です。	
sun1182	SUN_0SUNL.BIN	1EC12	1EC44	青の宝珠を\nマスクの瞳の部分に、はめ込みました。	
sun1183	SUN_0SUNL.BIN	1EC44	1EC5E	ただの青い石みたいです。	
sun1184	SUN_0SUNL.BIN	1EC5E	1EC86	青いブロックがはまり、壁が開きました。	
sun1185	SUN_0SUNL.BIN	1EC86	1ECD0	青いブロックがピタリとはまり、\n床がかすかにゆれると、入口が現れました。	
sun1186	SUN_0SUNL.BIN	1ECD0	1ECEE	歯車を固定している石片です。	
sun1187	SUN_0SUNL.BIN	1ECEE	1ED0C	歯止めが軸に固定されました。	
sun1188	SUN_0SUNL.BIN	1ED0C	1ED42	歯止めをはめました。\nしかし、何も変化はおきません。	
sun1189	SUN_0SUNL.BIN	1ED42	1ED74	取っ手がついており、\n回せるようになっています。	
sun1190	SUN_0SUNL.BIN	1ED74	1ED9E	ハンドルは軸にしっかりはまったようです。	
sun1191	SUN_0SUNL.BIN	1ED9E	1EDC0	軸が折れていて、固定できません。	
sun1192	SUN_0SUNL.BIN	1EDC0	1EDE4	大きさが２０ｃｍ程の銀のカギです。	
sun1193	SUN_0SUNL.BIN	1EDE4	1EE1C	カチッと、音がしたようです。\nふたが閉まっていきます。	
sun1194	SUN_0SUNL.BIN	1EE1C	1EE36	ただの白い石みたいです。	
sun1195	SUN_0SUNL.BIN	1EE36	1EE7A	両目を開けた人頭の造りものです。\n残念ながら、性別はわかりません。	
sun1196	SUN_0SUNL.BIN	1EE7A	1EEAE	銀の首を像に置くと、\n手前の床に入口が開きました。	
sun1197	SUN_0SUNL.BIN	1EEAE	1EEF4	穴に入るくらいですから、\n本当に小さいものです。サビがういています。	
sun1198	SUN_0SUNL.BIN	1EEF4	1EF36	小さなカギを使うと、\nガチャンという音がして、神殿がゆれました。	
sun1199	SUN_0SUNL.BIN	1EF36	1EF68	太陽のカギの名に\nふさわしい輝きを見せています。	
sun1200	SUN_0SUNL.BIN	1EF6C	1EFA6	そっちに行ったら、\nジャガーに食べられてしまいますよ！！	
sun1201	SUN_0SUNL.BIN	1EFA6	1EFBE	ジャガーが現れました！	
sun1202	SUN_0SUNL.BIN	1EFBE	1F010	真青なジャガーです。\p今まさに飛びかかろうとしています。\nはやく、逃げなくては！	
sun1203	SUN_0SUNL.BIN	2013C	20166	南の泉です。\nあまり深くはなさそうです。	
sun1204	SUN_0SUNL.BIN	20166	201A4	冷たそうで、きれいな水の泉です。\n風に水面がゆらいでいます。	
sun1205	SUN_0SUNL.BIN	201A4	201D4	ゆらぐ水面は光を反射し、キラキラ光っています。	
sun1206	SUN_0SUNL.BIN	201D4	201FE	きれいになり、光を反射して輝いています。	
sun1207	SUN_0SUNL.BIN	201FE	20240	泉の底に何か、金色に光っている\n笛のようなものが埋まっています！	
sun1208	SUN_0SUNL.BIN	20240	20250	澄んでいます。	
sun1209	SUN_0SUNL.BIN	20250	2027C	やはり、金の笛が半ば埋もれているようです。	
sun1210	SUN_0SUNL.BIN	2027C	202C2	いくつかの穴と、吹く口が見えますが、\nそれ以外はっきりわかりません。	
sun1211	SUN_0SUNL.BIN	202C2	202E6	壊さないように、そっと取りました。	
sun1212	SUN_0SUNL.BIN	202E6	2030A	壊さないように、そっと取りました。	
sun1213	SUN_0SUNL.BIN	2030A	20356	あっ、何か落としたようです。\nしばらく捜しましたが、見つかりませんでした。	
sun1214	SUN_0SUNL.BIN	20356	20384	南の泉ですが、\n特に何かあるとは思えません。	
sun1215	SUN_0SUNL.BIN	20384	203B0	きれいですが、飲み水になるかどうか・・・？	
sun1216	SUN_0SUNL.BIN	203B0	203C4	何もないようです。	
sun1217	SUN_0SUNL.BIN	203C4	203D6	前に進みました。	
sun1218	SUN_0SUNL.BIN	203D6	203EA	後ろに戻りました。	
sun1219	SUN_0SUNL.BIN	203EA	203FC	右に進みました。	
sun1220	SUN_0SUNL.BIN	203FC	2040E	左に進みました。	
sun1221	SUN_0SUNL.BIN	2040E	2041E	上がりました。	
sun1222	SUN_0SUNL.BIN	2041E	2042C	下りました。	
sun1223	SUN_0SUNL.BIN	2042C	20444	そっちへは行けません。	
sun1224	SUN_0SUNL.BIN	20444	20454	外へ出ました。	
sun1225	SUN_0SUNL.BIN	20454	2047A	閉じ込められていて、外へ出れません。	
sun1226	SUN_0SUNL.BIN	2047A	2049C	体が小さすぎて、外へ出れません。	
sun1227	SUN_0SUNL.BIN	2049C	204BC	迷ってしまい、外へ出れません。	
sun1228	SUN_0SUNL.BIN	204BC	204E6	おやっ、気分が元に戻ってしまったようだ。	
sun1229	SUN_0SUNL.BIN	204E6	204F4	待ちました。	
sun1230	SUN_0SUNL.BIN	204F4	20502	動きません。	
sun1231	SUN_0SUNL.BIN	20502	20510	使えません。	
sun1232	SUN_0SUNL.BIN	20510	2051E	置きました。	
sun1233	SUN_0SUNL.BIN	2051E	20534	置いても、無駄です。	
sun1234	SUN_0SUNL.BIN	20534	20542	洗えません。	
sun1235	SUN_0SUNL.BIN	20542	20556	残念、出来ません。	
sun1236	SUN_0SUNL.BIN	20556	20564	壊せません。	
sun1237	SUN_0SUNL.BIN	20564	20572	引けません。	
sun1238	SUN_0SUNL.BIN	20572	20580	押せません。	
sun1239	SUN_0SUNL.BIN	20580	2059C	ここでは意味がありません。	
sun1240	SUN_0SUNL.BIN	2059C	205AA	取りました。	
sun1241	SUN_0SUNL.BIN	205AA	205B8	取れません。	
sun1242	SUN_0SUNL.BIN	205B8	205E2	何か意味ありげですが、全くわかりません。	
sun1243	SUN_0SUNL.BIN	205E2	2061E	タイルがカチリッとはまり、\n壁が上にスライドして行きます。	
sun1244	SUN_0SUNL.BIN	2061E	20644	特に何も変ったところはないようです。	
sun1245	SUN_0SUNL.BIN	20644	20660	片目をつぶったマスクです。	
sun1246	SUN_0SUNL.BIN	20660	20692	マスクの右目には、\n赤の玉がはめ込まれています。	
sun1247	SUN_0SUNL.BIN	20692	206C6	マスクの右目には、\n青の宝珠がはめ込まれています。	
sun1248	SUN_0SUNL.BIN	206C6	206EA	両目が開かれた、豪華なマスクです。	
sun1249	SUN_0SUNL.BIN	206EA	2070A	赤の玉が、はめ込まれています。	
sun1250	SUN_0SUNL.BIN	2070A	2072C	青の宝珠が、はめ込まれています。	
sun1251	SUN_0SUNL.BIN	2072C	2076C	マスクの瞳の部分には、\n赤の玉と青の宝珠がはめ込まれています。	
sun1252	SUN_0SUNL.BIN	2076C	20796	尼僧院の老人像から、手に入れたものです。	
sun1253	SUN_0SUNL.BIN	20796	207B6	特に変わった点はないようです。	
sun1254	SUN_0SUNL.BIN	207B6	207D4	銀の香炉を中央に置きました。	
sun1255	SUN_0SUNL.BIN	207D4	20800	赤く透き通った、\n直径２ｃｍ程の宝石です。	
sun1256	SUN_0SUNL.BIN	20800	20822	それはすでにセットされています。	
sun1257	SUN_0SUNL.BIN	20822	20852	マスクの瞳の部分に、\n赤の玉をはめ込みました。	
sun1258	SUN_0SUNL.BIN	20852	208A0	長さ１５ｃｍ位の細身の小さな杖で、\n先端に玉があり、砂鉄がついてきています。	
sun1259	SUN_0SUNL.BIN	208A0	208D6	小さな杖を使い、\nカギを吸いつけて、取り出しました。	
sun1260	SUN_0SUNL.BIN	208D6	208E8	見ての通りです。	
sun1261	SUN_0SUNL.BIN	208E8	20912	小さい杖が、真ん中にセットされています。	
sun1262	SUN_0SUNL.BIN	20912	2096A	小さい杖は置かれると、\nクルクル回りはじめましたが、\nやがて一定の位置に止まりました。	
sun1263	SUN_0SUNL.BIN	2096A	2099A	中に、何か水のようなものが入っているようです。	
sun1264	SUN_0SUNL.BIN	2099A	209C2	特に何も変わったところはないようです。	
sun1265	SUN_0SUNL.BIN	209C2	20A04	大きい薬ツボの中身を飲みました。\nおおっ、体が縮小していく・・・	
sun1266	SUN_0SUNL.BIN	20A04	20A54	中に、何か水のようなものが入っているようです。\n大きさからして、目薬でしょう。	
sun1267	SUN_0SUNL.BIN	20A54	20A96	小さい薬ツボの中身を飲みました。\nよかった、体が戻っていきます。	
sun1268	SUN_0SUNL.BIN	20A96	20AB0	普通のバンソーコーです。	
sun1269	SUN_0SUNL.BIN	20AB0	20AEA	ざらざらした原始的なツボです。\n封印されているようです。	
sun1270	SUN_0SUNL.BIN	20AEA	20B18	沢山の石片をつないで作った、ツボのようです。	
sun1271	SUN_0SUNL.BIN	20B18	20B38	中にコパルが２つ入っています。	
sun1272	SUN_0SUNL.BIN	20B38	20B56	中に１つのコパルがあります。	
sun1273	SUN_0SUNL.BIN	20B56	20BAA	コパルを一つ取り出し、\n火をつけ、香炉にくべました。\pとてもいい香りがしてきます。	
sun1274	SUN_0SUNL.BIN	20BAA	20BF0	どうやら、黄金で出来ている鏡のようですが、\n汚れており、光りません。	
sun1275	SUN_0SUNL.BIN	20BF0	20C08	まぶしく輝いています。	
sun1276	SUN_0SUNL.BIN	20C08	20C58	冷たい水に洗われ、黄金の鏡はすっかり\nきれいになり、光を反射して輝いています。	
sun1277	SUN_0SUNL.BIN	20C58	20CCC	おおっ、\n天井から注ぐ光は、黄金の鏡に反射し、\p紋章の宝石に激しくあたると、\n壁がゆれ、だんだん開いていきました。	
sun1278	SUN_0SUNL.BIN	20CCC	20CF2	特に何も変ったところはないようです。	
sun1279	SUN_0SUNL.BIN	20CF2	20D62	ツボは粉々に砕けましたが、\n中から、水晶で出来た物が見つかりました。\pなんと、水晶で出来ているカギのようです。	
sun1280	SUN_0SUNL.BIN	20D62	20DA6	水晶のカギは、ぴったりとくぼみに合いました。\n棺が開いていきます。	
sun1281	SUN_0SUNL.BIN	20DA6	20E08	おやっ？　中から巻き物が出てきました。\p広げてみましたが、ただの白紙で、\n所々にシミがあります。	
sun1282	SUN_0SUNL.BIN	20E08	20E36	巻き物に何かが現れました。\n地図のようです。	
sun1283	SUN_0SUNL.BIN	20E36	20E60	何か意味ありげですが、全くわかりません。	
sun1284	SUN_0SUNL.BIN	20E60	20E94	ぼんやりと光っている、\n直径８～１２ｃｍの玉です。	
sun1285	SUN_0SUNL.BIN	20E94	20EBC	玉は、スッポリと台座におさまりました。	
sun1286	SUN_0SUNL.BIN	20EBC	20EF0	銀の玉は少しだけ小さく、\n台にはのらないようです。	
sun1287	SUN_0SUNL.BIN	20EF0	20F14	直径１２～１５ｃｍの純金の玉です。	
sun1288	SUN_0SUNL.BIN	20F14	20F22	置きました。	
sun1289	SUN_0SUNL.BIN	20F22	20F72	髙さ４ｃｍ程の台です。台の上には、\n１２～１５ｃｍ位の物をのせられるようです。	
sun1290	SUN_0SUNL.BIN	20F72	20FBA	長さ２５ｃｍ位の金の笛ですが、\nあいにく下には穴が開き、壊れています。	
sun1291	SUN_0SUNL.BIN	20FBA	20FF0	とりあえず、バンソーコーをはって\n穴をふさぎました。	
sun1292	SUN_0SUNL.BIN	20FF0	2101A	バンソーコーがはられ、修理されています。	
sun1293	SUN_0SUNL.BIN	2101A	21048	下の穴から空気がもって、変な音しかでません。	
sun1294	SUN_0SUNL.BIN	21048	210A0	いつも、自分が聴きなれているような\nメロディーを吹くと、\pジャガーが・・・元の姿に？！	
sun1295	SUN_0SUNL.BIN	210A0	210C6	特に何も変ったところはないようです。	
sun1296	SUN_0SUNL.BIN	210C6	21108	変な音しかでません。\nこれ以上吹いても、気分が悪くなるだけです。	
sun1297	SUN_0SUNL.BIN	21108	21136	笛の音が建物の中に署きました。\nすると・・・	
sun1298	SUN_0SUNL.BIN	21136	21158	神秘的な２ｃｍ程の青い宝石です。	
sun1299	SUN_0SUNL.BIN	21158	2118A	青の宝珠を\nマスクの瞳の部分に、はめ込みました。	
sun1300	SUN_0SUNL.BIN	2118A	211A4	ただの青い石みたいです。	
sun1301	SUN_0SUNL.BIN	211A4	211CC	青いブロックがはまり、壁が開きました。	
sun1302	SUN_0SUNL.BIN	211CC	21216	青いブロックがピタリとはまり、\n床がかすかにゆれると、入口が現れました。	
sun1303	SUN_0SUNL.BIN	21216	21234	歯車を固定している石片です。	
sun1304	SUN_0SUNL.BIN	21234	21252	歯止めが軸に固定されました。	
sun1305	SUN_0SUNL.BIN	21252	21288	歯止めをはめました。\nしかし、何も変化はおきません。	
sun1306	SUN_0SUNL.BIN	21288	212BA	取っ手がついており、\n回せるようになっています。	
sun1307	SUN_0SUNL.BIN	212BA	212E4	ハンドルは軸にしっかりはまったようです。	
sun1308	SUN_0SUNL.BIN	212E4	21306	軸が折れていて、固定できません。	
sun1309	SUN_0SUNL.BIN	21306	2132A	大きさが２０ｃｍ程の銀のカギです。	
sun1310	SUN_0SUNL.BIN	2132A	21362	カチッと、音がしたようです。\nふたが閉まっていきます。	
sun1311	SUN_0SUNL.BIN	21362	2137C	ただの白い石みたいです。	
sun1312	SUN_0SUNL.BIN	2137C	213C0	両目を開けた人頭の造りものです。\n残念ながら、性別はわかりません。	
sun1313	SUN_0SUNL.BIN	213C0	213F4	銀の首を像に置くと、\n手前の床に入口が開きました。	
sun1314	SUN_0SUNL.BIN	213F4	2143A	穴に入るくらいですから、\n本当に小さいものです。サビがういています。	
sun1315	SUN_0SUNL.BIN	2143A	2147C	小さなカギを使うと、\nガチャンという音がして、神殿がゆれました。	
sun1316	SUN_0SUNL.BIN	2147C	214AE	太陽のカギの名に\nふさわしい輝きを見せています。	
sun1317	SUN_0SUNL.BIN	214B2	214EC	そっちに行ったら、\nジャガーに食べられてしまいますよ！！	
sun1318	SUN_0SUNL.BIN	214EC	21504	ジャガーが現れました！	
sun1319	SUN_0SUNL.BIN	21504	21556	真青なジャガーです。\p今まさに飛びかかろうとしています。\nはやく、逃げなくては！	
sun1320	SUN_0SUNL.BIN	229A8	229DA	かつて、生けにえを投げたと言う、\n聖なる泉です。	
sun1321	SUN_0SUNL.BIN	229DA	22A06	濁っており、あまりきれいではないようです。	
sun1322	SUN_0SUNL.BIN	22A06	22A48	まあ、降りていけないこともないでしょうが、\n下は泉ですから・・・	
sun1323	SUN_0SUNL.BIN	22A48	22A7A	かつて、生けにえを投げたと言う、\n聖なる泉です。	
sun1324	SUN_0SUNL.BIN	22A7A	22AA4	ここには、泉があったはずなのですが・・・	
sun1325	SUN_0SUNL.BIN	22AA4	22AC2	おやっ、水が全くありません。	
sun1326	SUN_0SUNL.BIN	22AC2	22AD8	かなり険しい崖です。	
sun1327	SUN_0SUNL.BIN	22AD8	22B1A	いけにえの泉の底にいます。\n左右に石像、正面に扉があるようです。	
sun1328	SUN_0SUNL.BIN	22B1A	22B3C	左右に小さな石の座像があります。	
sun1329	SUN_0SUNL.BIN	22B3C	22B50	怒っている顔です。	
sun1330	SUN_0SUNL.BIN	22B50	22B64	笑っている顔です。	
sun1331	SUN_0SUNL.BIN	22B64	22B7E	ピッタリ閉まっています。	
sun1332	SUN_0SUNL.BIN	22B7E	22B94	老人の像のようです。	
sun1333	SUN_0SUNL.BIN	22B94	22BAA	老婆の像のようです。	
sun1334	SUN_0SUNL.BIN	22BAA	22BD0	頭の部分が動き、扉が開いていきます。	
sun1335	SUN_0SUNL.BIN	22BD0	22C0C	頭を動かすと、扉が閉まって、\n頭も元に戻ってしまいました。	
sun1336	SUN_0SUNL.BIN	22C0C	22C50	頭の部分が動きましたが、\nゴゴッと音がしただけで、何も起きません。	
sun1337	SUN_0SUNL.BIN	22C50	22C94	頭の部分が動きましたが、\nゴゴッと音がしただけで、何も起きません。	
sun1338	SUN_0SUNL.BIN	22C94	22CDE	いけにえの泉の底にいます。\n左右には石像があり、正面の扉が開いています。	
sun1339	SUN_0SUNL.BIN	22CDE	22D08	暗くてよくわかりませんが、入れそうです。	
sun1340	SUN_0SUNL.BIN	22D08	22D1A	前に進みました。	
sun1341	SUN_0SUNL.BIN	22D1A	22D2E	後ろに戻りました。	
sun1342	SUN_0SUNL.BIN	22D2E	22D40	右に進みました。	
sun1343	SUN_0SUNL.BIN	22D40	22D52	左に進みました。	
sun1344	SUN_0SUNL.BIN	22D52	22D62	上がりました。	
sun1345	SUN_0SUNL.BIN	22D62	22D70	下りました。	
sun1346	SUN_0SUNL.BIN	22D70	22D88	そっちへは行けません。	
sun1347	SUN_0SUNL.BIN	22D88	22D98	外へ出ました。	
sun1348	SUN_0SUNL.BIN	22D98	22DBE	閉じ込められていて、外へ出れません。	
sun1349	SUN_0SUNL.BIN	22DBE	22DE0	体が小さすぎて、外へ出れません。	
sun1350	SUN_0SUNL.BIN	22DE0	22E00	迷ってしまい、外へ出れません。	
sun1351	SUN_0SUNL.BIN	22E00	22E2A	おやっ、気分が元に戻ってしまったようだ。	
sun1352	SUN_0SUNL.BIN	22E2A	22E38	待ちました。	
sun1353	SUN_0SUNL.BIN	22E38	22E46	動きません。	
sun1354	SUN_0SUNL.BIN	22E46	22E54	使えません。	
sun1355	SUN_0SUNL.BIN	22E54	22E62	置きました。	
sun1356	SUN_0SUNL.BIN	22E62	22E78	置いても、無駄です。	
sun1357	SUN_0SUNL.BIN	22E78	22E86	洗えません。	
sun1358	SUN_0SUNL.BIN	22E86	22E9A	残念、出来ません。	
sun1359	SUN_0SUNL.BIN	22E9A	22EA8	壊せません。	
sun1360	SUN_0SUNL.BIN	22EA8	22EB6	引けません。	
sun1361	SUN_0SUNL.BIN	22EB6	22EC4	押せません。	
sun1362	SUN_0SUNL.BIN	22EC4	22EE0	ここでは意味がありません。	
sun1363	SUN_0SUNL.BIN	22EE0	22EEE	取りました。	
sun1364	SUN_0SUNL.BIN	22EEE	22EFC	取れません。	
sun1365	SUN_0SUNL.BIN	22EFC	22F26	何か意味ありげですが、全くわかりません。	
sun1366	SUN_0SUNL.BIN	22F26	22F62	タイルがカチリッとはまり、\n壁が上にスライドして行きます。	
sun1367	SUN_0SUNL.BIN	22F62	22F88	特に何も変ったところはないようです。	
sun1368	SUN_0SUNL.BIN	22F88	22FA4	片目をつぶったマスクです。	
sun1369	SUN_0SUNL.BIN	22FA4	22FD6	マスクの右目には、\n赤の玉がはめ込まれています。	
sun1370	SUN_0SUNL.BIN	22FD6	2300A	マスクの右目には、\n青の宝珠がはめ込まれています。	
sun1371	SUN_0SUNL.BIN	2300A	2302E	両目が開かれた、豪華なマスクです。	
sun1372	SUN_0SUNL.BIN	2302E	2304E	赤の玉が、はめ込まれています。	
sun1373	SUN_0SUNL.BIN	2304E	23070	青の宝珠が、はめ込まれています。	
sun1374	SUN_0SUNL.BIN	23070	230B0	マスクの瞳の部分には、\n赤の玉と青の宝珠がはめ込まれています。	
sun1375	SUN_0SUNL.BIN	230B0	230DA	尼僧院の老人像から、手に入れたものです。	
sun1376	SUN_0SUNL.BIN	230DA	230FA	特に変わった点はないようです。	
sun1377	SUN_0SUNL.BIN	230FA	23118	銀の香炉を中央に置きました。	
sun1378	SUN_0SUNL.BIN	23118	23144	赤く透き通った、\n直径２ｃｍ程の宝石です。	
sun1379	SUN_0SUNL.BIN	23144	23166	それはすでにセットされています。	
sun1380	SUN_0SUNL.BIN	23166	23196	マスクの瞳の部分に、\n赤の玉をはめ込みました。	
sun1381	SUN_0SUNL.BIN	23196	231E4	長さ１５ｃｍ位の細身の小さな杖で、\n先端に玉があり、砂鉄がついてきています。	
sun1382	SUN_0SUNL.BIN	231E4	2321A	小さな杖を使い、\nカギを吸いつけて、取り出しました。	
sun1383	SUN_0SUNL.BIN	2321A	2322C	見ての通りです。	
sun1384	SUN_0SUNL.BIN	2322C	23256	小さい杖が、真ん中にセットされています。	
sun1385	SUN_0SUNL.BIN	23256	232AE	小さい杖は置かれると、\nクルクル回りはじめましたが、\nやがて一定の位置に止まりました。	
sun1386	SUN_0SUNL.BIN	232AE	232DE	中に、何か水のようなものが入っているようです。	
sun1387	SUN_0SUNL.BIN	232DE	23306	特に何も変わったところはないようです。	
sun1388	SUN_0SUNL.BIN	23306	23348	大きい薬ツボの中身を飲みました。\nおおっ、体が縮小していく・・・	
sun1389	SUN_0SUNL.BIN	23348	23398	中に、何か水のようなものが入っているようです。\n大きさからして、目薬でしょう。	
sun1390	SUN_0SUNL.BIN	23398	233DA	小さい薬ツボの中身を飲みました。\nよかった、体が戻っていきます。	
sun1391	SUN_0SUNL.BIN	233DA	233F4	普通のバンソーコーです。	
sun1392	SUN_0SUNL.BIN	233F4	2342E	ざらざらした原始的なツボです。\n封印されているようです。	
sun1393	SUN_0SUNL.BIN	2342E	2345C	沢山の石片をつないで作った、ツボのようです。	
sun1394	SUN_0SUNL.BIN	2345C	2347C	中にコパルが２つ入っています。	
sun1395	SUN_0SUNL.BIN	2347C	2349A	中に１つのコパルがあります。	
sun1396	SUN_0SUNL.BIN	2349A	234EE	コパルを一つ取り出し、\n火をつけ、香炉にくべました。\pとてもいい香りがしてきます。	
sun1397	SUN_0SUNL.BIN	234EE	23534	どうやら、黄金で出来ている鏡のようですが、\n汚れており、光りません。	
sun1398	SUN_0SUNL.BIN	23534	2354C	まぶしく輝いています。	
sun1399	SUN_0SUNL.BIN	2354C	2359C	冷たい水に洗われ、黄金の鏡はすっかり\nきれいになり、光を反射して輝いています。	
sun1400	SUN_0SUNL.BIN	2359C	23610	おおっ、\n天井から注ぐ光は、黄金の鏡に反射し、\p紋章の宝石に激しくあたると、\n壁がゆれ、だんだん開いていきました。	
sun1401	SUN_0SUNL.BIN	23610	23636	特に何も変ったところはないようです。	
sun1402	SUN_0SUNL.BIN	23636	236A6	ツボは粉々に砕けましたが、\n中から、水晶で出来た物が見つかりました。\pなんと、水晶で出来ているカギのようです。	
sun1403	SUN_0SUNL.BIN	236A6	236EA	水晶のカギは、ぴったりとくぼみに合いました。\n棺が開いていきます。	
sun1404	SUN_0SUNL.BIN	236EA	2374C	おやっ？　中から巻き物が出てきました。\p広げてみましたが、ただの白紙で、\n所々にシミがあります。	
sun1405	SUN_0SUNL.BIN	2374C	2377A	巻き物に何かが現れました。\n地図のようです。	
sun1406	SUN_0SUNL.BIN	2377A	237A4	何か意味ありげですが、全くわかりません。	
sun1407	SUN_0SUNL.BIN	237A4	237D8	ぼんやりと光っている、\n直径８～１２ｃｍの玉です。	
sun1408	SUN_0SUNL.BIN	237D8	23800	玉は、スッポリと台座におさまりました。	
sun1409	SUN_0SUNL.BIN	23800	23834	銀の玉は少しだけ小さく、\n台にはのらないようです。	
sun1410	SUN_0SUNL.BIN	23834	23858	直径１２～１５ｃｍの純金の玉です。	
sun1411	SUN_0SUNL.BIN	23858	23866	置きました。	
sun1412	SUN_0SUNL.BIN	23866	238B6	髙さ４ｃｍ程の台です。台の上には、\n１２～１５ｃｍ位の物をのせられるようです。	
sun1413	SUN_0SUNL.BIN	238B6	238FE	長さ２５ｃｍ位の金の笛ですが、\nあいにく下には穴が開き、壊れています。	
sun1414	SUN_0SUNL.BIN	238FE	23934	とりあえず、バンソーコーをはって\n穴をふさぎました。	
sun1415	SUN_0SUNL.BIN	23934	2395E	バンソーコーがはられ、修理されています。	
sun1416	SUN_0SUNL.BIN	2395E	2398C	下の穴から空気がもって、変な音しかでません。	
sun1417	SUN_0SUNL.BIN	2398C	239E4	いつも、自分が聴きなれているような\nメロディーを吹くと、\pジャガーが・・・元の姿に？！	
sun1418	SUN_0SUNL.BIN	239E4	23A0A	特に何も変ったところはないようです。	
sun1419	SUN_0SUNL.BIN	23A0A	23A4C	変な音しかでません。\nこれ以上吹いても、気分が悪くなるだけです。	
sun1420	SUN_0SUNL.BIN	23A4C	23A7A	笛の音が建物の中に署きました。\nすると・・・	
sun1421	SUN_0SUNL.BIN	23A7A	23A9C	神秘的な２ｃｍ程の青い宝石です。	
sun1422	SUN_0SUNL.BIN	23A9C	23ACE	青の宝珠を\nマスクの瞳の部分に、はめ込みました。	
sun1423	SUN_0SUNL.BIN	23ACE	23AE8	ただの青い石みたいです。	
sun1424	SUN_0SUNL.BIN	23AE8	23B10	青いブロックがはまり、壁が開きました。	
sun1425	SUN_0SUNL.BIN	23B10	23B5A	青いブロックがピタリとはまり、\n床がかすかにゆれると、入口が現れました。	
sun1426	SUN_0SUNL.BIN	23B5A	23B78	歯車を固定している石片です。	
sun1427	SUN_0SUNL.BIN	23B78	23B96	歯止めが軸に固定されました。	
sun1428	SUN_0SUNL.BIN	23B96	23BCC	歯止めをはめました。\nしかし、何も変化はおきません。	
sun1429	SUN_0SUNL.BIN	23BCC	23BFE	取っ手がついており、\n回せるようになっています。	
sun1430	SUN_0SUNL.BIN	23BFE	23C28	ハンドルは軸にしっかりはまったようです。	
sun1431	SUN_0SUNL.BIN	23C28	23C4A	軸が折れていて、固定できません。	
sun1432	SUN_0SUNL.BIN	23C4A	23C6E	大きさが２０ｃｍ程の銀のカギです。	
sun1433	SUN_0SUNL.BIN	23C6E	23CA6	カチッと、音がしたようです。\nふたが閉まっていきます。	
sun1434	SUN_0SUNL.BIN	23CA6	23CC0	ただの白い石みたいです。	
sun1435	SUN_0SUNL.BIN	23CC0	23D04	両目を開けた人頭の造りものです。\n残念ながら、性別はわかりません。	
sun1436	SUN_0SUNL.BIN	23D04	23D38	銀の首を像に置くと、\n手前の床に入口が開きました。	
sun1437	SUN_0SUNL.BIN	23D38	23D7E	穴に入るくらいですから、\n本当に小さいものです。サビがういています。	
sun1438	SUN_0SUNL.BIN	23D7E	23DC0	小さなカギを使うと、\nガチャンという音がして、神殿がゆれました。	
sun1439	SUN_0SUNL.BIN	23DC0	23DF2	太陽のカギの名に\nふさわしい輝きを見せています。	
sun1440	SUN_0SUNL.BIN	23DF6	23E30	そっちに行ったら、\nジャガーに食べられてしまいますよ！！	
sun1441	SUN_0SUNL.BIN	23E30	23E48	ジャガーが現れました！	
sun1442	SUN_0SUNL.BIN	23E48	23E9A	真青なジャガーです。\p今まさに飛びかかろうとしています。\nはやく、逃げなくては！	
sun1443	SUN_0SUNL.BIN	2507A	250A8	密林を進むと、\nなんと建物が見つかりました。	
sun1444	SUN_0SUNL.BIN	250A8	250C2	台らしきものがあります。	
sun1445	SUN_0SUNL.BIN	250C2	25112	昔は恐らく、この祭壇で香が焚かれたりして、\n神々に祈りが捧げられたのでしょう。	
sun1446	SUN_0SUNL.BIN	25112	25144	台の正面にいます。\n床は、かなり凸凹しています。	
sun1447	SUN_0SUNL.BIN	25144	2516A	台は平らで、きれいに研かれています。	
sun1448	SUN_0SUNL.BIN	2516A	2519E	香炉と言うものは、\n香を焚くためにあるのですが・・	
sun1449	SUN_0SUNL.BIN	2519E	251BA	銀の香炉が置かれています。	
sun1450	SUN_0SUNL.BIN	251BA	25200	コパルの煙で、頭が心地よく\nしびれていくようです。おかしな気分です。	
sun1451	SUN_0SUNL.BIN	25200	25244	紫っぽい白い煙が、モクモクでています・・・\nう～む不思議な気分だ。	
sun1452	SUN_0SUNL.BIN	25244	25280	いい香りに包まれ、\nだんだん、体が軽くなっていくようです。	
sun1453	SUN_0SUNL.BIN	25280	252B8	なぜか、とても目がチカチカし、\n物がだぶって見えます。	
sun1454	SUN_0SUNL.BIN	252B8	252CA	前に進みました。	
sun1455	SUN_0SUNL.BIN	252CA	252DE	後ろに戻りました。	
sun1456	SUN_0SUNL.BIN	252DE	252F0	右に進みました。	
sun1457	SUN_0SUNL.BIN	252F0	25302	左に進みました。	
sun1458	SUN_0SUNL.BIN	25302	25312	上がりました。	
sun1459	SUN_0SUNL.BIN	25312	25320	下りました。	
sun1460	SUN_0SUNL.BIN	25320	25338	そっちへは行けません。	
sun1461	SUN_0SUNL.BIN	25338	25348	外へ出ました。	
sun1462	SUN_0SUNL.BIN	25348	2536E	閉じ込められていて、外へ出れません。	
sun1463	SUN_0SUNL.BIN	2536E	25390	体が小さすぎて、外へ出れません。	
sun1464	SUN_0SUNL.BIN	25390	253B0	迷ってしまい、外へ出れません。	
sun1465	SUN_0SUNL.BIN	253B0	253DA	おやっ、気分が元に戻ってしまったようだ。	
sun1466	SUN_0SUNL.BIN	253DA	253E8	待ちました。	
sun1467	SUN_0SUNL.BIN	253E8	253F6	動きません。	
sun1468	SUN_0SUNL.BIN	253F6	25404	使えません。	
sun1469	SUN_0SUNL.BIN	25404	25412	置きました。	
sun1470	SUN_0SUNL.BIN	25412	25428	置いても、無駄です。	
sun1471	SUN_0SUNL.BIN	25428	25436	洗えません。	
sun1472	SUN_0SUNL.BIN	25436	2544A	残念、出来ません。	
sun1473	SUN_0SUNL.BIN	2544A	25458	壊せません。	
sun1474	SUN_0SUNL.BIN	25458	25466	引けません。	
sun1475	SUN_0SUNL.BIN	25466	25474	押せません。	
sun1476	SUN_0SUNL.BIN	25474	25490	ここでは意味がありません。	
sun1477	SUN_0SUNL.BIN	25490	2549E	取りました。	
sun1478	SUN_0SUNL.BIN	2549E	254AC	取れません。	
sun1479	SUN_0SUNL.BIN	254AC	254D6	何か意味ありげですが、全くわかりません。	
sun1480	SUN_0SUNL.BIN	254D6	25512	タイルがカチリッとはまり、\n壁が上にスライドして行きます。	
sun1481	SUN_0SUNL.BIN	25512	25538	特に何も変ったところはないようです。	
sun1482	SUN_0SUNL.BIN	25538	25554	片目をつぶったマスクです。	
sun1483	SUN_0SUNL.BIN	25554	25586	マスクの右目には、\n赤の玉がはめ込まれています。	
sun1484	SUN_0SUNL.BIN	25586	255BA	マスクの右目には、\n青の宝珠がはめ込まれています。	
sun1485	SUN_0SUNL.BIN	255BA	255DE	両目が開かれた、豪華なマスクです。	
sun1486	SUN_0SUNL.BIN	255DE	255FE	赤の玉が、はめ込まれています。	
sun1487	SUN_0SUNL.BIN	255FE	25620	青の宝珠が、はめ込まれています。	
sun1488	SUN_0SUNL.BIN	25620	25660	マスクの瞳の部分には、\n赤の玉と青の宝珠がはめ込まれています。	
sun1489	SUN_0SUNL.BIN	25660	2568A	尼僧院の老人像から、手に入れたものです。	
sun1490	SUN_0SUNL.BIN	2568A	256AA	特に変わった点はないようです。	
sun1491	SUN_0SUNL.BIN	256AA	256C8	銀の香炉を中央に置きました。	
sun1492	SUN_0SUNL.BIN	256C8	256F4	赤く透き通った、\n直径２ｃｍ程の宝石です。	
sun1493	SUN_0SUNL.BIN	256F4	25716	それはすでにセットされています。	
sun1494	SUN_0SUNL.BIN	25716	25746	マスクの瞳の部分に、\n赤の玉をはめ込みました。	
sun1495	SUN_0SUNL.BIN	25746	25794	長さ１５ｃｍ位の細身の小さな杖で、\n先端に玉があり、砂鉄がついてきています。	
sun1496	SUN_0SUNL.BIN	25794	257CA	小さな杖を使い、\nカギを吸いつけて、取り出しました。	
sun1497	SUN_0SUNL.BIN	257CA	257DC	見ての通りです。	
sun1498	SUN_0SUNL.BIN	257DC	25806	小さい杖が、真ん中にセットされています。	
sun1499	SUN_0SUNL.BIN	25806	2585E	小さい杖は置かれると、\nクルクル回りはじめましたが、\nやがて一定の位置に止まりました。	
sun1500	SUN_0SUNL.BIN	2585E	2588E	中に、何か水のようなものが入っているようです。	
sun1501	SUN_0SUNL.BIN	2588E	258B6	特に何も変わったところはないようです。	
sun1502	SUN_0SUNL.BIN	258B6	258F8	大きい薬ツボの中身を飲みました。\nおおっ、体が縮小していく・・・	
sun1503	SUN_0SUNL.BIN	258F8	25948	中に、何か水のようなものが入っているようです。\n大きさからして、目薬でしょう。	
sun1504	SUN_0SUNL.BIN	25948	2598A	小さい薬ツボの中身を飲みました。\nよかった、体が戻っていきます。	
sun1505	SUN_0SUNL.BIN	2598A	259A4	普通のバンソーコーです。	
sun1506	SUN_0SUNL.BIN	259A4	259DE	ざらざらした原始的なツボです。\n封印されているようです。	
sun1507	SUN_0SUNL.BIN	259DE	25A0C	沢山の石片をつないで作った、ツボのようです。	
sun1508	SUN_0SUNL.BIN	25A0C	25A2C	中にコパルが２つ入っています。	
sun1509	SUN_0SUNL.BIN	25A2C	25A4A	中に１つのコパルがあります。	
sun1510	SUN_0SUNL.BIN	25A4A	25A9E	コパルを一つ取り出し、\n火をつけ、香炉にくべました。\pとてもいい香りがしてきます。	
sun1511	SUN_0SUNL.BIN	25A9E	25AE4	どうやら、黄金で出来ている鏡のようですが、\n汚れており、光りません。	
sun1512	SUN_0SUNL.BIN	25AE4	25AFC	まぶしく輝いています。	
sun1513	SUN_0SUNL.BIN	25AFC	25B4C	冷たい水に洗われ、黄金の鏡はすっかり\nきれいになり、光を反射して輝いています。	
sun1514	SUN_0SUNL.BIN	25B4C	25BC0	おおっ、\n天井から注ぐ光は、黄金の鏡に反射し、\p紋章の宝石に激しくあたると、\n壁がゆれ、だんだん開いていきました。	
sun1515	SUN_0SUNL.BIN	25BC0	25BE6	特に何も変ったところはないようです。	
sun1516	SUN_0SUNL.BIN	25BE6	25C56	ツボは粉々に砕けましたが、\n中から、水晶で出来た物が見つかりました。\pなんと、水晶で出来ているカギのようです。	
sun1517	SUN_0SUNL.BIN	25C56	25C9A	水晶のカギは、ぴったりとくぼみに合いました。\n棺が開いていきます。	
sun1518	SUN_0SUNL.BIN	25C9A	25CFC	おやっ？　中から巻き物が出てきました。\p広げてみましたが、ただの白紙で、\n所々にシミがあります。	
sun1519	SUN_0SUNL.BIN	25CFC	25D2A	巻き物に何かが現れました。\n地図のようです。	
sun1520	SUN_0SUNL.BIN	25D2A	25D54	何か意味ありげですが、全くわかりません。	
sun1521	SUN_0SUNL.BIN	25D54	25D88	ぼんやりと光っている、\n直径８～１２ｃｍの玉です。	
sun1522	SUN_0SUNL.BIN	25D88	25DB0	玉は、スッポリと台座におさまりました。	
sun1523	SUN_0SUNL.BIN	25DB0	25DE4	銀の玉は少しだけ小さく、\n台にはのらないようです。	
sun1524	SUN_0SUNL.BIN	25DE4	25E08	直径１２～１５ｃｍの純金の玉です。	
sun1525	SUN_0SUNL.BIN	25E08	25E16	置きました。	
sun1526	SUN_0SUNL.BIN	25E16	25E66	髙さ４ｃｍ程の台です。台の上には、\n１２～１５ｃｍ位の物をのせられるようです。	
sun1527	SUN_0SUNL.BIN	25E66	25EAE	長さ２５ｃｍ位の金の笛ですが、\nあいにく下には穴が開き、壊れています。	
sun1528	SUN_0SUNL.BIN	25EAE	25EE4	とりあえず、バンソーコーをはって\n穴をふさぎました。	
sun1529	SUN_0SUNL.BIN	25EE4	25F0E	バンソーコーがはられ、修理されています。	
sun1530	SUN_0SUNL.BIN	25F0E	25F3C	下の穴から空気がもって、変な音しかでません。	
sun1531	SUN_0SUNL.BIN	25F3C	25F94	いつも、自分が聴きなれているような\nメロディーを吹くと、\pジャガーが・・・元の姿に？！	
sun1532	SUN_0SUNL.BIN	25F94	25FBA	特に何も変ったところはないようです。	
sun1533	SUN_0SUNL.BIN	25FBA	25FFC	変な音しかでません。\nこれ以上吹いても、気分が悪くなるだけです。	
sun1534	SUN_0SUNL.BIN	25FFC	2602A	笛の音が建物の中に署きました。\nすると・・・	
sun1535	SUN_0SUNL.BIN	2602A	2604C	神秘的な２ｃｍ程の青い宝石です。	
sun1536	SUN_0SUNL.BIN	2604C	2607E	青の宝珠を\nマスクの瞳の部分に、はめ込みました。	
sun1537	SUN_0SUNL.BIN	2607E	26098	ただの青い石みたいです。	
sun1538	SUN_0SUNL.BIN	26098	260C0	青いブロックがはまり、壁が開きました。	
sun1539	SUN_0SUNL.BIN	260C0	2610A	青いブロックがピタリとはまり、\n床がかすかにゆれると、入口が現れました。	
sun1540	SUN_0SUNL.BIN	2610A	26128	歯車を固定している石片です。	
sun1541	SUN_0SUNL.BIN	26128	26146	歯止めが軸に固定されました。	
sun1542	SUN_0SUNL.BIN	26146	2617C	歯止めをはめました。\nしかし、何も変化はおきません。	
sun1543	SUN_0SUNL.BIN	2617C	261AE	取っ手がついており、\n回せるようになっています。	
sun1544	SUN_0SUNL.BIN	261AE	261D8	ハンドルは軸にしっかりはまったようです。	
sun1545	SUN_0SUNL.BIN	261D8	261FA	軸が折れていて、固定できません。	
sun1546	SUN_0SUNL.BIN	261FA	2621E	大きさが２０ｃｍ程の銀のカギです。	
sun1547	SUN_0SUNL.BIN	2621E	26256	カチッと、音がしたようです。\nふたが閉まっていきます。	
sun1548	SUN_0SUNL.BIN	26256	26270	ただの白い石みたいです。	
sun1549	SUN_0SUNL.BIN	26270	262B4	両目を開けた人頭の造りものです。\n残念ながら、性別はわかりません。	
sun1550	SUN_0SUNL.BIN	262B4	262E8	銀の首を像に置くと、\n手前の床に入口が開きました。	
sun1551	SUN_0SUNL.BIN	262E8	2632E	穴に入るくらいですから、\n本当に小さいものです。サビがういています。	
sun1552	SUN_0SUNL.BIN	2632E	26370	小さなカギを使うと、\nガチャンという音がして、神殿がゆれました。	
sun1553	SUN_0SUNL.BIN	26370	263A2	太陽のカギの名に\nふさわしい輝きを見せています。	
sun1554	SUN_0SUNL.BIN	263A6	263E0	そっちに行ったら、\nジャガーに食べられてしまいますよ！！	
sun1555	SUN_0SUNL.BIN	263E0	263F8	ジャガーが現れました！	
sun1556	SUN_0SUNL.BIN	263F8	2644A	真青なジャガーです。\p今まさに飛びかかろうとしています。\nはやく、逃げなくては！	
sun1557	SUN_0SUNL.BIN	2758C	275A4	崩れた壁の前にいます。	
sun1558	SUN_0SUNL.BIN	275A4	275F6	壁があります。建物の一部だったのでしょうか？\nそれとも、ただの壁なのでしょうか。	
sun1559	SUN_0SUNL.BIN	275F6	2762A	壁には、へき画らしいものが\n描かれているようです。	
sun1560	SUN_0SUNL.BIN	2762A	27658	心臓にあわせて、揺れているみたいに見えます。	
sun1561	SUN_0SUNL.BIN	27658	27686	神官が香を焚き、精霊を呼び出している絵です。	
sun1562	SUN_0SUNL.BIN	27686	2769E	描かれているようです。	
sun1563	SUN_0SUNL.BIN	2769E	276EA	新月がおとずれた時、ラッパが吹かれ、\nジャガーの魂が像に戻っていく絵です。	
sun1564	SUN_0SUNL.BIN	276EA	27702	描かれているようです。	
sun1565	SUN_0SUNL.BIN	27702	27746	半月がおとずれた時、何かを飲んで\n小さくなってしまった人の絵です。	
sun1566	SUN_0SUNL.BIN	27746	2775E	描かれているようです。	
sun1567	SUN_0SUNL.BIN	2775E	2779C	満月がおとずれた時、\n黄金の首を掘り出している若者の絵です。	
sun1568	SUN_0SUNL.BIN	2779C	277AE	前に進みました。	
sun1569	SUN_0SUNL.BIN	277AE	277C2	後ろに戻りました。	
sun1570	SUN_0SUNL.BIN	277C2	277D4	右に進みました。	
sun1571	SUN_0SUNL.BIN	277D4	277E6	左に進みました。	
sun1572	SUN_0SUNL.BIN	277E6	277F6	上がりました。	
sun1573	SUN_0SUNL.BIN	277F6	27804	下りました。	
sun1574	SUN_0SUNL.BIN	27804	2781C	そっちへは行けません。	
sun1575	SUN_0SUNL.BIN	2781C	2782C	外へ出ました。	
sun1576	SUN_0SUNL.BIN	2782C	27852	閉じ込められていて、外へ出れません。	
sun1577	SUN_0SUNL.BIN	27852	27874	体が小さすぎて、外へ出れません。	
sun1578	SUN_0SUNL.BIN	27874	27894	迷ってしまい、外へ出れません。	
sun1579	SUN_0SUNL.BIN	27894	278BE	おやっ、気分が元に戻ってしまったようだ。	
sun1580	SUN_0SUNL.BIN	278BE	278CC	待ちました。	
sun1581	SUN_0SUNL.BIN	278CC	278DA	動きません。	
sun1582	SUN_0SUNL.BIN	278DA	278E8	使えません。	
sun1583	SUN_0SUNL.BIN	278E8	278F6	置きました。	
sun1584	SUN_0SUNL.BIN	278F6	2790C	置いても、無駄です。	
sun1585	SUN_0SUNL.BIN	2790C	2791A	洗えません。	
sun1586	SUN_0SUNL.BIN	2791A	2792E	残念、出来ません。	
sun1587	SUN_0SUNL.BIN	2792E	2793C	壊せません。	
sun1588	SUN_0SUNL.BIN	2793C	2794A	引けません。	
sun1589	SUN_0SUNL.BIN	2794A	27958	押せません。	
sun1590	SUN_0SUNL.BIN	27958	27974	ここでは意味がありません。	
sun1591	SUN_0SUNL.BIN	27974	27982	取りました。	
sun1592	SUN_0SUNL.BIN	27982	27990	取れません。	
sun1593	SUN_0SUNL.BIN	27990	279BA	何か意味ありげですが、全くわかりません。	
sun1594	SUN_0SUNL.BIN	279BA	279F6	タイルがカチリッとはまり、\n壁が上にスライドして行きます。	
sun1595	SUN_0SUNL.BIN	279F6	27A1C	特に何も変ったところはないようです。	
sun1596	SUN_0SUNL.BIN	27A1C	27A38	片目をつぶったマスクです。	
sun1597	SUN_0SUNL.BIN	27A38	27A6A	マスクの右目には、\n赤の玉がはめ込まれています。	
sun1598	SUN_0SUNL.BIN	27A6A	27A9E	マスクの右目には、\n青の宝珠がはめ込まれています。	
sun1599	SUN_0SUNL.BIN	27A9E	27AC2	両目が開かれた、豪華なマスクです。	
sun1600	SUN_0SUNL.BIN	27AC2	27AE2	赤の玉が、はめ込まれています。	
sun1601	SUN_0SUNL.BIN	27AE2	27B04	青の宝珠が、はめ込まれています。	
sun1602	SUN_0SUNL.BIN	27B04	27B44	マスクの瞳の部分には、\n赤の玉と青の宝珠がはめ込まれています。	
sun1603	SUN_0SUNL.BIN	27B44	27B6E	尼僧院の老人像から、手に入れたものです。	
sun1604	SUN_0SUNL.BIN	27B6E	27B8E	特に変わった点はないようです。	
sun1605	SUN_0SUNL.BIN	27B8E	27BAC	銀の香炉を中央に置きました。	
sun1606	SUN_0SUNL.BIN	27BAC	27BD8	赤く透き通った、\n直径２ｃｍ程の宝石です。	
sun1607	SUN_0SUNL.BIN	27BD8	27BFA	それはすでにセットされています。	
sun1608	SUN_0SUNL.BIN	27BFA	27C2A	マスクの瞳の部分に、\n赤の玉をはめ込みました。	
sun1609	SUN_0SUNL.BIN	27C2A	27C78	長さ１５ｃｍ位の細身の小さな杖で、\n先端に玉があり、砂鉄がついてきています。	
sun1610	SUN_0SUNL.BIN	27C78	27CAE	小さな杖を使い、\nカギを吸いつけて、取り出しました。	
sun1611	SUN_0SUNL.BIN	27CAE	27CC0	見ての通りです。	
sun1612	SUN_0SUNL.BIN	27CC0	27CEA	小さい杖が、真ん中にセットされています。	
sun1613	SUN_0SUNL.BIN	27CEA	27D42	小さい杖は置かれると、\nクルクル回りはじめましたが、\nやがて一定の位置に止まりました。	
sun1614	SUN_0SUNL.BIN	27D42	27D72	中に、何か水のようなものが入っているようです。	
sun1615	SUN_0SUNL.BIN	27D72	27D9A	特に何も変わったところはないようです。	
sun1616	SUN_0SUNL.BIN	27D9A	27DDC	大きい薬ツボの中身を飲みました。\nおおっ、体が縮小していく・・・	
sun1617	SUN_0SUNL.BIN	27DDC	27E2C	中に、何か水のようなものが入っているようです。\n大きさからして、目薬でしょう。	
sun1618	SUN_0SUNL.BIN	27E2C	27E6E	小さい薬ツボの中身を飲みました。\nよかった、体が戻っていきます。	
sun1619	SUN_0SUNL.BIN	27E6E	27E88	普通のバンソーコーです。	
sun1620	SUN_0SUNL.BIN	27E88	27EC2	ざらざらした原始的なツボです。\n封印されているようです。	
sun1621	SUN_0SUNL.BIN	27EC2	27EF0	沢山の石片をつないで作った、ツボのようです。	
sun1622	SUN_0SUNL.BIN	27EF0	27F10	中にコパルが２つ入っています。	
sun1623	SUN_0SUNL.BIN	27F10	27F2E	中に１つのコパルがあります。	
sun1624	SUN_0SUNL.BIN	27F2E	27F82	コパルを一つ取り出し、\n火をつけ、香炉にくべました。\pとてもいい香りがしてきます。	
sun1625	SUN_0SUNL.BIN	27F82	27FC8	どうやら、黄金で出来ている鏡のようですが、\n汚れており、光りません。	
sun1626	SUN_0SUNL.BIN	27FC8	27FE0	まぶしく輝いています。	
sun1627	SUN_0SUNL.BIN	27FE0	28030	冷たい水に洗われ、黄金の鏡はすっかり\nきれいになり、光を反射して輝いています。	
sun1628	SUN_0SUNL.BIN	28030	280A4	おおっ、\n天井から注ぐ光は、黄金の鏡に反射し、\p紋章の宝石に激しくあたると、\n壁がゆれ、だんだん開いていきました。	
sun1629	SUN_0SUNL.BIN	280A4	280CA	特に何も変ったところはないようです。	
sun1630	SUN_0SUNL.BIN	280CA	2813A	ツボは粉々に砕けましたが、\n中から、水晶で出来た物が見つかりました。\pなんと、水晶で出来ているカギのようです。	
sun1631	SUN_0SUNL.BIN	2813A	2817E	水晶のカギは、ぴったりとくぼみに合いました。\n棺が開いていきます。	
sun1632	SUN_0SUNL.BIN	2817E	281E0	おやっ？　中から巻き物が出てきました。\p広げてみましたが、ただの白紙で、\n所々にシミがあります。	
sun1633	SUN_0SUNL.BIN	281E0	2820E	巻き物に何かが現れました。\n地図のようです。	
sun1634	SUN_0SUNL.BIN	2820E	28238	何か意味ありげですが、全くわかりません。	
sun1635	SUN_0SUNL.BIN	28238	2826C	ぼんやりと光っている、\n直径８～１２ｃｍの玉です。	
sun1636	SUN_0SUNL.BIN	2826C	28294	玉は、スッポリと台座におさまりました。	
sun1637	SUN_0SUNL.BIN	28294	282C8	銀の玉は少しだけ小さく、\n台にはのらないようです。	
sun1638	SUN_0SUNL.BIN	282C8	282EC	直径１２～１５ｃｍの純金の玉です。	
sun1639	SUN_0SUNL.BIN	282EC	282FA	置きました。	
sun1640	SUN_0SUNL.BIN	282FA	2834A	髙さ４ｃｍ程の台です。台の上には、\n１２～１５ｃｍ位の物をのせられるようです。	
sun1641	SUN_0SUNL.BIN	2834A	28392	長さ２５ｃｍ位の金の笛ですが、\nあいにく下には穴が開き、壊れています。	
sun1642	SUN_0SUNL.BIN	28392	283C8	とりあえず、バンソーコーをはって\n穴をふさぎました。	
sun1643	SUN_0SUNL.BIN	283C8	283F2	バンソーコーがはられ、修理されています。	
sun1644	SUN_0SUNL.BIN	283F2	28420	下の穴から空気がもって、変な音しかでません。	
sun1645	SUN_0SUNL.BIN	28420	28478	いつも、自分が聴きなれているような\nメロディーを吹くと、\pジャガーが・・・元の姿に？！	
sun1646	SUN_0SUNL.BIN	28478	2849E	特に何も変ったところはないようです。	
sun1647	SUN_0SUNL.BIN	2849E	284E0	変な音しかでません。\nこれ以上吹いても、気分が悪くなるだけです。	
sun1648	SUN_0SUNL.BIN	284E0	2850E	笛の音が建物の中に署きました。\nすると・・・	
sun1649	SUN_0SUNL.BIN	2850E	28530	神秘的な２ｃｍ程の青い宝石です。	
sun1650	SUN_0SUNL.BIN	28530	28562	青の宝珠を\nマスクの瞳の部分に、はめ込みました。	
sun1651	SUN_0SUNL.BIN	28562	2857C	ただの青い石みたいです。	
sun1652	SUN_0SUNL.BIN	2857C	285A4	青いブロックがはまり、壁が開きました。	
sun1653	SUN_0SUNL.BIN	285A4	285EE	青いブロックがピタリとはまり、\n床がかすかにゆれると、入口が現れました。	
sun1654	SUN_0SUNL.BIN	285EE	2860C	歯車を固定している石片です。	
sun1655	SUN_0SUNL.BIN	2860C	2862A	歯止めが軸に固定されました。	
sun1656	SUN_0SUNL.BIN	2862A	28660	歯止めをはめました。\nしかし、何も変化はおきません。	
sun1657	SUN_0SUNL.BIN	28660	28692	取っ手がついており、\n回せるようになっています。	
sun1658	SUN_0SUNL.BIN	28692	286BC	ハンドルは軸にしっかりはまったようです。	
sun1659	SUN_0SUNL.BIN	286BC	286DE	軸が折れていて、固定できません。	
sun1660	SUN_0SUNL.BIN	286DE	28702	大きさが２０ｃｍ程の銀のカギです。	
sun1661	SUN_0SUNL.BIN	28702	2873A	カチッと、音がしたようです。\nふたが閉まっていきます。	
sun1662	SUN_0SUNL.BIN	2873A	28754	ただの白い石みたいです。	
sun1663	SUN_0SUNL.BIN	28754	28798	両目を開けた人頭の造りものです。\n残念ながら、性別はわかりません。	
sun1664	SUN_0SUNL.BIN	28798	287CC	銀の首を像に置くと、\n手前の床に入口が開きました。	
sun1665	SUN_0SUNL.BIN	287CC	28812	穴に入るくらいですから、\n本当に小さいものです。サビがういています。	
sun1666	SUN_0SUNL.BIN	28812	28854	小さなカギを使うと、\nガチャンという音がして、神殿がゆれました。	
sun1667	SUN_0SUNL.BIN	28854	28886	太陽のカギの名に\nふさわしい輝きを見せています。	
sun1668	SUN_0SUNL.BIN	2888A	288C4	そっちに行ったら、\nジャガーに食べられてしまいますよ！！	
sun1669	SUN_0SUNL.BIN	288C4	288DC	ジャガーが現れました！	
sun1670	SUN_0SUNL.BIN	288DC	2892E	真青なジャガーです。\p今まさに飛びかかろうとしています。\nはやく、逃げなくては！	
sun1671	SUN_0SUNL.BIN	2A13E	2A182	とても明るい部屋にいます。\n小さくて、白いきれいな神殿があります。	
sun1672	SUN_0SUNL.BIN	2A182	2A1B8	天井は自ら輝く、\n不思議な材料で出来ているようです。	
sun1673	SUN_0SUNL.BIN	2A1B8	2A1EC	床は自ら輝く、\n不思議な材料で出来ているようです。	
sun1674	SUN_0SUNL.BIN	2A1EC	2A21A	壁自体が光っています。\n右に出口があります。	
sun1675	SUN_0SUNL.BIN	2A21A	2A24A	壁自体が光っています。\n左右に出口があります。	
sun1676	SUN_0SUNL.BIN	2A24A	2A278	壁自体が光っています。\n左に出口があります。	
sun1677	SUN_0SUNL.BIN	2A278	2A290	壁自体が光っています。	
sun1678	SUN_0SUNL.BIN	2A290	2A2B0	地下通路に通じているようです。	
sun1679	SUN_0SUNL.BIN	2A2B0	2A2C8	もう、何もありません。	
sun1680	SUN_0SUNL.BIN	2A2C8	2A2F8	むちゃな、\n十人でかかったって動かせませんよ。	
sun1681	SUN_0SUNL.BIN	2A2F8	2A306	開きました。	
sun1682	SUN_0SUNL.BIN	2A306	2A34A	とても明るい部屋にいます。\n小さくて、白いきれいな神殿があります。	
sun1683	SUN_0SUNL.BIN	2A34A	2A380	天井は自ら輝く、\n不思議な材料で出来ているようです。	
sun1684	SUN_0SUNL.BIN	2A380	2A3B0	右は地下通路、\n左は迷路に通じているようです。	
sun1685	SUN_0SUNL.BIN	2A3B0	2A3CC	迷路に通じているようです。	
sun1686	SUN_0SUNL.BIN	2A3CC	2A404	小さな神殿をのぞきこみました。\n黄金のカギがあります。	
sun1687	SUN_0SUNL.BIN	2A404	2A43A	とても小さい模型の天井ですが、\nきちんとしています。	
sun1688	SUN_0SUNL.BIN	2A43A	2A460	黄金の大きなカギがのせられています。	
sun1689	SUN_0SUNL.BIN	2A460	2A490	数倍も大きいカギを、\n支えているかのようです。	
sun1690	SUN_0SUNL.BIN	2A490	2A4BA	中央に、カギの置かれている台があります。	
sun1691	SUN_0SUNL.BIN	2A4BA	2A4EE	とても小さい模型の壁ですが、\nきちんとしています。	
sun1692	SUN_0SUNL.BIN	2A4EE	2A52A	さっきまで、あんなに小さかった神殿が\nそびえ立っています。	
sun1693	SUN_0SUNL.BIN	2A52A	2A56A	真白で、すべすべしており、\n光を反射して、キラキラしています。	
sun1694	SUN_0SUNL.BIN	2A56A	2A5B2	目の前にそびえ立っています。\n相当、体が小さくなってしまったようです。	
sun1695	SUN_0SUNL.BIN	2A5B2	2A5C6	神殿の中にいます。	
sun1696	SUN_0SUNL.BIN	2A5C6	2A5E8	意味不明な模様が施されています。	
sun1697	SUN_0SUNL.BIN	2A5E8	2A604	どうやらカギ穴のようです。	
sun1698	SUN_0SUNL.BIN	2A604	2A642	おおっ、これこそ太陽のカギだ。\nここが太陽の神殿だったのか！	
sun1699	SUN_0SUNL.BIN	2A642	2A66A	黄金の大きなカギが、のせられています。	
sun1700	SUN_0SUNL.BIN	2A66A	2A69A	神秘的な模様があり、\n左壁に穴が開いています。	
sun1701	SUN_0SUNL.BIN	2A69A	2A6CA	カギは、自分や出口よりも大きく、\n運べません。	
sun1702	SUN_0SUNL.BIN	2A6CA	2A6D8	開きました。	
sun1703	SUN_0SUNL.BIN	2A6D8	2A6F2	神殿を開けたところです。	
sun1704	SUN_0SUNL.BIN	2A6F2	2A734	神殿の部分が宝箱のように開き、\nカギが取れるようになっています。	
sun1705	SUN_0SUNL.BIN	2A734	2A76E	カギは、太陽のカギの名にふさわしい輝きを\nみせています。	
sun1706	SUN_0SUNL.BIN	2A76E	2A78A	太陽のカギがのっています。	
sun1707	SUN_0SUNL.BIN	2A78A	2A7EA	カギを取ると、\n神殿は独りでにしまりました。\pついに、あなたは太陽のカギを\n手に入れたのです！	
sun1708	SUN_0SUNL.BIN	2A7EA	2A81A	ついに、あなたは太陽のカギを手に入れたのです！	
sun1709	SUN_0SUNL.BIN	2A81A	2A846	カギを取ると、神殿は独りでに閉まりました。	
sun1710	SUN_0SUNL.BIN	2A846	2A8B4	カチリッ、という音がすると、\n神殿は独りでに閉まってしまいました。\pどうやら、何かの装置が作動したようです。	
sun1711	SUN_0SUNL.BIN	2A8B4	2A8D8	出口がっ！　し、閉まっていきます。	
sun1712	SUN_0SUNL.BIN	2A8D8	2A918	壁自体が光っています。\nしかし、出口がなくなってしまいました。	
sun1713	SUN_0SUNL.BIN	2A918	2A950	出口がありません。\nどうやら、閉じ込められたようです。	
sun1714	SUN_0SUNL.BIN	2A950	2A994	あなたは、ついに、太陽の鍵を手に入れ\n遺跡の秘密をあかしたのです。	
sun1715	SUN_0SUNL.BIN	73F44	73F4C	ュムメ	
sun1716	SUN_0SUNL.BIN	7403A	74046	ムメモャヤ	
sun1717	SUN_1SUNH.BIN	43ED0	43EE2	前に進みました。	
sun1718	SUN_1SUNH.BIN	43EE2	43EF6	後ろに戻りました。	
sun1719	SUN_1SUNH.BIN	43EF6	43F08	右に進みました。	
sun1720	SUN_1SUNH.BIN	43F08	43F1A	左に進みました。	
sun1721	SUN_1SUNH.BIN	43F1A	43F2A	上がりました。	
sun1722	SUN_1SUNH.BIN	43F2A	43F38	下りました。	
sun1723	SUN_1SUNH.BIN	43F38	43F50	そっちへは行けません。	
sun1724	SUN_1SUNH.BIN	43F50	43F60	外へ出ました。	
sun1725	SUN_1SUNH.BIN	43F60	43F86	閉じ込められていて、外へ出れません。	
sun1726	SUN_1SUNH.BIN	43F86	43FA8	体が小さすぎて、外へ出れません。	
sun1727	SUN_1SUNH.BIN	43FA8	43FC8	迷ってしまい、外へ出れません。	
sun1728	SUN_1SUNH.BIN	43FC8	43FF2	おやっ、気分が元に戻ってしまったようだ。	
sun1729	SUN_1SUNH.BIN	43FF2	44000	待ちました。	
sun1730	SUN_1SUNH.BIN	44000	4400E	動きません。	
sun1731	SUN_1SUNH.BIN	4400E	4401C	使えません。	
sun1732	SUN_1SUNH.BIN	4401C	4402A	置きました。	
sun1733	SUN_1SUNH.BIN	4402A	44040	置いても、無駄です。	
sun1734	SUN_1SUNH.BIN	44040	4404E	洗えません。	
sun1735	SUN_1SUNH.BIN	4404E	44062	残念、出来ません。	
sun1736	SUN_1SUNH.BIN	44062	44070	壊せません。	
sun1737	SUN_1SUNH.BIN	44070	4407E	引けません。	
sun1738	SUN_1SUNH.BIN	4407E	4408C	押せません。	
sun1739	SUN_1SUNH.BIN	4408C	440A8	ここでは意味がありません。	
sun1740	SUN_1SUNH.BIN	440A8	440B6	取りました。	
sun1741	SUN_1SUNH.BIN	440B6	440C4	取れません。	
sun1742	SUN_1SUNH.BIN	440C4	440EE	何か意味ありげですが、全くわかりません。	
sun1743	SUN_1SUNH.BIN	440EE	4412A	タイルがカチリッとはまり、\n壁が上にスライドして行きます。	
sun1744	SUN_1SUNH.BIN	4412A	44150	特に何も変ったところはないようです。	
sun1745	SUN_1SUNH.BIN	44150	4416C	片目をつぶったマスクです。	
sun1746	SUN_1SUNH.BIN	4416C	4419E	マスクの右目には、\n赤の玉がはめ込まれています。	
sun1747	SUN_1SUNH.BIN	4419E	441D2	マスクの右目には、\n青の宝珠がはめ込まれています。	
sun1748	SUN_1SUNH.BIN	441D2	441F6	両目が開かれた、豪華なマスクです。	
sun1749	SUN_1SUNH.BIN	441F6	44216	赤の玉が、はめ込まれています。	
sun1750	SUN_1SUNH.BIN	44216	44238	青の宝珠が、はめ込まれています。	
sun1751	SUN_1SUNH.BIN	44238	44278	マスクの瞳の部分には、\n赤の玉と青の宝珠がはめ込まれています。	
sun1752	SUN_1SUNH.BIN	44278	442A2	尼僧院の老人像から、手に入れたものです。	
sun1753	SUN_1SUNH.BIN	442A2	442C2	特に変わった点はないようです。	
sun1754	SUN_1SUNH.BIN	442C2	442E0	銀の香炉を中央に置きました。	
sun1755	SUN_1SUNH.BIN	442E0	4430C	赤く透き通った、\n直径２ｃｍ程の宝石です。	
sun1756	SUN_1SUNH.BIN	4430C	4432E	それはすでにセットされています。	
sun1757	SUN_1SUNH.BIN	4432E	4435E	マスクの瞳の部分に、\n赤の玉をはめ込みました。	
sun1758	SUN_1SUNH.BIN	4435E	443AC	長さ１５ｃｍ位の細身の小さな杖で、\n先端に玉があり、砂鉄がついてきています。	
sun1759	SUN_1SUNH.BIN	443AC	443E2	小さな杖を使い、\nカギを吸いつけて、取り出しました。	
sun1760	SUN_1SUNH.BIN	443E2	443F4	見ての通りです。	
sun1761	SUN_1SUNH.BIN	443F4	4441E	小さい杖が、真ん中にセットされています。	
sun1762	SUN_1SUNH.BIN	4441E	44476	小さい杖は置かれると、\nクルクル回りはじめましたが、\nやがて一定の位置に止まりました。	
sun1763	SUN_1SUNH.BIN	44476	444A6	中に、何か水のようなものが入っているようです。	
sun1764	SUN_1SUNH.BIN	444A6	444CE	特に何も変わったところはないようです。	
sun1765	SUN_1SUNH.BIN	444CE	44510	大きい薬ツボの中身を飲みました。\nおおっ、体が縮小していく・・・	
sun1766	SUN_1SUNH.BIN	44510	44560	中に、何か水のようなものが入っているようです。\n大きさからして、目薬でしょう。	
sun1767	SUN_1SUNH.BIN	44560	445A2	小さい薬ツボの中身を飲みました。\nよかった、体が戻っていきます。	
sun1768	SUN_1SUNH.BIN	445A2	445BC	普通のバンソーコーです。	
sun1769	SUN_1SUNH.BIN	445BC	445F6	ざらざらした原始的なツボです。\n封印されているようです。	
sun1770	SUN_1SUNH.BIN	445F6	44624	沢山の石片をつないで作った、ツボのようです。	
sun1771	SUN_1SUNH.BIN	44624	44644	中にコパルが２つ入っています。	
sun1772	SUN_1SUNH.BIN	44644	44662	中に１つのコパルがあります。	
sun1773	SUN_1SUNH.BIN	44662	446B6	コパルを一つ取り出し、\n火をつけ、香炉にくべました。\pとてもいい香りがしてきます。	
sun1774	SUN_1SUNH.BIN	446B6	446FC	どうやら、黄金で出来ている鏡のようですが、\n汚れており、光りません。	
sun1775	SUN_1SUNH.BIN	446FC	44714	まぶしく輝いています。	
sun1776	SUN_1SUNH.BIN	44714	44764	冷たい水に洗われ、黄金の鏡はすっかり\nきれいになり、光を反射して輝いています。	
sun1777	SUN_1SUNH.BIN	44764	447D8	おお　　　　井から注ぐ光は、黄金の鏡に反射し、\p紋章の宝石に激しくあたると、\n壁がゆれ、だんだん開いていきました。	
sun1778	SUN_1SUNH.BIN	447D8	447FE	特に何も変ったところはないようです。	
sun1779	SUN_1SUNH.BIN	447FE	4486E	ツボは粉々に砕けましたが、\n中から、水晶で出来た物が見つかりました。\pなんと、水晶で出来ているカギのようです。	
sun1780	SUN_1SUNH.BIN	4486E	448B2	水晶のカギは、ぴったりとくぼみに合いました。\n棺が開いていきます。	
sun1781	SUN_1SUNH.BIN	448B2	44914	おやっ？　中から巻き物が出てきました。\p広げてみましたが、ただの白紙で、\n所々にシミがあります。	
sun1782	SUN_1SUNH.BIN	44914	44942	巻き物に何かが現れました。\n地図のようです。	
sun1783	SUN_1SUNH.BIN	44942	4496C	何か意味ありげですが、全くわかりません。	
sun1784	SUN_1SUNH.BIN	4496C	449A0	ぼんやりと光っている、\n直径８～１２ｃｍの玉です。	
sun1785	SUN_1SUNH.BIN	449A0	449C8	玉は、スッポリと台座におさまりました。	
sun1786	SUN_1SUNH.BIN	449C8	449FC	銀の玉は少しだけ小さく、\n台にはのらないようです。	
sun1787	SUN_1SUNH.BIN	449FC	44A20	直径１２～１５ｃｍの純金の玉です。	
sun1788	SUN_1SUNH.BIN	44A20	44A2E	置きました。	
sun1789	SUN_1SUNH.BIN	44A2E	44A7E	髙さ４ｃｍ程の台です。台の上には、\n１２～１５ｃｍ位の物をのせられるようです。	
sun1790	SUN_1SUNH.BIN	44A7E	44AC6	長さ２５ｃｍ位の金の笛ですが、\nあいにく下には穴が開き、壊れています。	
sun1791	SUN_1SUNH.BIN	44AC6	44AFC	とりあえず、バンソーコーをはって\n穴をふさぎました。	
sun1792	SUN_1SUNH.BIN	44AFC	44B26	バンソーコーがはられ、修理されています。	
sun1793	SUN_1SUNH.BIN	44B26	44B54	下の穴から空気がもって、変な音しかでません。	
sun1794	SUN_1SUNH.BIN	44B54	44BAC	いつも、自分が聴きなれているような\nメロディーを吹く　　　　ャガーが・・・元の姿に？！	
sun1795	SUN_1SUNH.BIN	44BAC	44BD2	特に何も変ったところはないようです。	
sun1796	SUN_1SUNH.BIN	44BD2	44C14	変な音しかでません。\nこれ以上吹いても、気分が悪くなるだけです。	
sun1797	SUN_1SUNH.BIN	44C14	44C42	笛の音が建物の中に署きました。\nすると・・・	
sun1798	SUN_1SUNH.BIN	44C42	44C64	神秘的な２ｃｍ程の青い宝石です。	
sun1799	SUN_1SUNH.BIN	44C64	44C96	青の宝珠を\nマスクの瞳の部分に、はめ込みました。	
sun1800	SUN_1SUNH.BIN	44C96	44CB0	ただの青い石みたいです。	
sun1801	SUN_1SUNH.BIN	44CB0	44CD8	青いブロックがはまり、壁が開きました。	
sun1802	SUN_1SUNH.BIN	44CD8	44D22	青いブロックがピタリとはまり、\n床がかすかにゆれると、入口が現れました。	
sun1803	SUN_1SUNH.BIN	44D22	44D40	歯車を固定している石片です。	
sun1804	SUN_1SUNH.BIN	44D40	44D5E	歯止めが軸に固定されました。	
sun1805	SUN_1SUNH.BIN	44D5E	44D94	歯止めをはめました。\nしかし、何も変化はおきません。	
sun1806	SUN_1SUNH.BIN	44D94	44DC6	取っ手がついており、\n回せるようになっています。	
sun1807	SUN_1SUNH.BIN	44DC6	44DF0	ハンドルは軸にしっかりはまったようです。	
sun1808	SUN_1SUNH.BIN	44DF0	44E12	軸が折れていて、固定できません。	
sun1809	SUN_1SUNH.BIN	44E12	44E36	大きさが２０ｃｍ程の銀のカギです。	
sun1810	SUN_1SUNH.BIN	44E36	44E6E	カチッと、音がしたようです。\nふたが閉まっていきます。	
sun1811	SUN_1SUNH.BIN	44E6E	44E88	ただの白い石みたいです。	
sun1812	SUN_1SUNH.BIN	44E88	44ECC	両目を開けた人頭の造りものです。\n残念ながら、性別はわかりません。	
sun1813	SUN_1SUNH.BIN	44ECC	44F00	銀の首を像に置くと、\n手前の床に入口が開きました。	
sun1814	SUN_1SUNH.BIN	44F00	44F46	穴に入るくらいですから、\n本当に小さいものです。サビがういています。	
sun1815	SUN_1SUNH.BIN	44F46	44F88	小さなカギを使うと、\nガチャンという音がして、神殿がゆれました。	
sun1816	SUN_1SUNH.BIN	44F88	44FBA	太陽のカギの名に\nふさわしい輝きを見せています。	
suns001	SUN_0SUNL.BIN	2A998	2A99C	１．	
suns002	SUN_0SUNL.BIN	2A99E	2A9A2	２．	
suns003	SUN_0SUNL.BIN	2A9A4	2A9A8	３．	
suns004	SUN_0SUNL.BIN	2A9AA	2A9BE	容量が、足りません。	
suns005	SUN_0SUNL.BIN	2A9C0	2A9D6	データが、ありません。	
suns006	SUN_0SUNL.BIN	2A9D8	2A9F2	データが、使用できません。	
suns007	SUN_0SUNL.BIN	2A9F4	2A9FC	ＥＸＩＴ	
suns008	SUN_0SUNL.BIN	2A9FE	2AA06	ＬＯＡＤ	
suns009	SUN_0SUNL.BIN	2AA08	2AA10	ＳＡＶＥ	
suns010	SUN_0SUNL.BIN	2AA12	2AA1C	本体ＲＡＭ	
suns011	SUN_0SUNL.BIN	2AA1E	2AA30	カートリッジＲＡＭ	
suns012	SUN_0SUNL.BIN	2AA32	2AA3C	はじめから	
suns013	SUN_0SUNL.BIN	2AA3E	2AA4C	コンティニュー	
suns014	SUN_0SUNL.BIN	2AA4E	2AA56	髙僧の墓	
suns015	SUN_0SUNL.BIN	2AA58	2AA5E	球戯場	
suns016	SUN_0SUNL.BIN	2AA60	2AA68	カラコル	
suns017	SUN_0SUNL.BIN	2AA6A	2AA70	尼僧院	
suns018	SUN_0SUNL.BIN	2AA72	2AA80	カスティーリョ	
suns019	SUN_0SUNL.BIN	2AA82	2AA8C	戦士の神殿	
suns020	SUN_0SUNL.BIN	2AA8E	2AA96	千柱の間	
suns021	SUN_0SUNL.BIN	2AA98	2AA9E	南の泉	
suns022	SUN_0SUNL.BIN	2AAA0	2AAAC	いけにえの泉	
suns023	SUN_0SUNL.BIN	2AAAE	2AAB4	神殿跡	
suns024	SUN_0SUNL.BIN	2AAB6	2AAB8	壁	
suns025	SUN_0SUNL.BIN	2AABA	2AAC4	太陽の神殿	
suns026	SUN_0SUNL.BIN	2AAC6	2AAC8	外	
suns027	SUN_0SUNL.BIN	2AACA	2AACE	移動	
suns028	SUN_0SUNL.BIN	2AAD0	2AAD2	前	
suns029	SUN_0SUNL.BIN	2AAD4	2AAD6	後	
suns030	SUN_0SUNL.BIN	2AAD8	2AADA	右	
suns031	SUN_0SUNL.BIN	2AADC	2AADE	左	
suns032	SUN_0SUNL.BIN	2AAE0	2AAE2	上	
suns033	SUN_0SUNL.BIN	2AAE4	2AAE6	下	
suns034	SUN_0SUNL.BIN	2AAE8	2AAEA	外	
suns035	SUN_0SUNL.BIN	2AAEC	2AAF2	調べる	
suns036	SUN_0SUNL.BIN	2AAF4	2AAF8	取る	
suns037	SUN_0SUNL.BIN	2AAFA	2AAFE	置く	
suns038	SUN_0SUNL.BIN	2AB00	2AB04	使う	
suns039	SUN_0SUNL.BIN	2AB06	2AB0C	動かす	
suns040	SUN_0SUNL.BIN	2AB0E	2AB12	押す	
suns041	SUN_0SUNL.BIN	2AB14	2AB18	引く	
suns042	SUN_0SUNL.BIN	2AB1A	2AB1E	壊す	
suns043	SUN_0SUNL.BIN	2AB20	2AB2C	組み合わせる	
suns044	SUN_0SUNL.BIN	2AB2E	2AB32	洗う	
suns045	SUN_0SUNL.BIN	2AB34	2AB38	待つ	
suns046	SUN_0SUNL.BIN	2AB3A	2AB48	モザイクタイル	
suns047	SUN_0SUNL.BIN	2AB4A	2AB52	銀の香炉	
suns048	SUN_0SUNL.BIN	2AB54	2AB5C	金の台座	
suns049	SUN_0SUNL.BIN	2AB5E	2AB64	赤の玉	
suns050	SUN_0SUNL.BIN	2AB66	2AB72	片目のマスク	
suns051	SUN_0SUNL.BIN	2AB74	2AB80	両目のマスク	
suns052	SUN_0SUNL.BIN	2AB82	2AB86	小杖	
suns053	SUN_0SUNL.BIN	2AB88	2AB92	底浅のカメ	
suns054	SUN_0SUNL.BIN	2AB94	2ABA0	大きい薬ツボ	
suns055	SUN_0SUNL.BIN	2ABA2	2ABAE	小さい薬ツボ	
suns056	SUN_0SUNL.BIN	2ABB0	2ABBC	バンソーコー	
suns057	SUN_0SUNL.BIN	2ABBE	2ABC8	首長のツボ	
suns058	SUN_0SUNL.BIN	2ABCA	2ABD4	石片のカメ	
suns059	SUN_0SUNL.BIN	2ABD6	2ABDA	皮袋	
suns060	SUN_0SUNL.BIN	2ABDC	2ABE4	黄金の鏡	
suns061	SUN_0SUNL.BIN	2ABE6	2ABEE	水晶の鍵	
suns062	SUN_0SUNL.BIN	2ABF0	2ABFA	スクロール	
suns063	SUN_0SUNL.BIN	2ABFC	2AC00	地図	
suns064	SUN_0SUNL.BIN	2AC02	2AC08	銀の玉	
suns065	SUN_0SUNL.BIN	2AC0A	2AC10	金の笛	
suns066	SUN_0SUNL.BIN	2AC12	2AC1A	青の宝珠	
suns067	SUN_0SUNL.BIN	2AC1C	2AC24	鉄の小鍵	
suns068	SUN_0SUNL.BIN	2AC26	2AC32	青いブロック	
suns069	SUN_0SUNL.BIN	2AC34	2AC3E	石の歯止め	
suns070	SUN_0SUNL.BIN	2AC40	2AC4C	石のハンドル	
suns071	SUN_0SUNL.BIN	2AC4E	2AC54	銀の鍵	
suns072	SUN_0SUNL.BIN	2AC56	2AC62	白いブロック	
suns073	SUN_0SUNL.BIN	2AC64	2AC6C	方位磁石	
suns074	SUN_0SUNL.BIN	2AC6E	2AC74	胸飾り	
suns075	SUN_0SUNL.BIN	2AC76	2AC7C	金の首	
suns076	SUN_0SUNL.BIN	2AC7E	2AC84	銀の首	
suns077	SUN_0SUNL.BIN	2AC86	2AC8C	金の玉	
suns078	SUN_0SUNL.BIN	2AC8E	2AC96	太陽の鍵	
suns079	SUN_0SUNL.BIN	2AC98	2ACA0	アイテム	
suns080	SUN_0SUNL.BIN	2ACA2	2ACA6	全体	
suns081	SUN_0SUNL.BIN	2ACA8	2ACAC	天井	
suns082	SUN_0SUNL.BIN	2ACAE	2ACB0	床	
suns083	SUN_0SUNL.BIN	2ACB2	2ACB4	扉	
suns084	SUN_0SUNL.BIN	2ACB6	2ACBA	石棺	
suns085	SUN_0SUNL.BIN	2ACBC	2ACC0	フタ	
suns086	SUN_0SUNL.BIN	2ACC2	2ACC6	模様	
suns087	SUN_0SUNL.BIN	2ACC8	2ACCC	遺体	
suns088	SUN_0SUNL.BIN	2ACCE	2ACD6	がいこつ	
suns089	SUN_0SUNL.BIN	2ACD8	2ACDA	穴	
suns090	SUN_0SUNL.BIN	2ACDC	2ACE0	入口	
suns091	SUN_0SUNL.BIN	2ACE2	2ACE4	棺	
suns092	SUN_0SUNL.BIN	2ACE6	2ACEC	くぼみ	
suns093	SUN_0SUNL.BIN	2ACEE	2ACF0	顔	
suns094	SUN_0SUNL.BIN	2ACF2	2ACF6	階段	
suns095	SUN_0SUNL.BIN	2ACF8	2ACFC	ツボ	
suns096	SUN_0SUNL.BIN	2ACFE	2AD04	大カメ	
suns097	SUN_0SUNL.BIN	2AD06	2AD0A	カメ	
suns098	SUN_0SUNL.BIN	2AD0C	2AD12	大ツボ	
suns099	SUN_0SUNL.BIN	2AD14	2AD1A	金の山	
suns100	SUN_0SUNL.BIN	2AD1C	2AD20	石箱	
suns101	SUN_0SUNL.BIN	2AD22	2AD28	婦人像	
suns102	SUN_0SUNL.BIN	2AD2A	2AD2C	軸	
suns103	SUN_0SUNL.BIN	2AD2E	2AD32	歯車	
suns104	SUN_0SUNL.BIN	2AD34	2AD38	露台	
suns105	SUN_0SUNL.BIN	2AD3A	2AD3E	祭壇	
suns106	SUN_0SUNL.BIN	2AD40	2AD42	煙	
suns107	SUN_0SUNL.BIN	2AD44	2AD46	像	
suns108	SUN_0SUNL.BIN	2AD48	2AD4C	通路	
suns109	SUN_0SUNL.BIN	2AD4E	2AD52	小窓	
suns110	SUN_0SUNL.BIN	2AD54	2AD58	台座	
suns111	SUN_0SUNL.BIN	2AD5A	2AD5E	風景	
suns112	SUN_0SUNL.BIN	2AD60	2AD66	太陽光	
suns113	SUN_0SUNL.BIN	2AD68	2AD72	ジャガー像	
suns114	SUN_0SUNL.BIN	2AD74	2AD7C	戦士の像	
suns115	SUN_0SUNL.BIN	2AD7E	2AD86	乙女の像	
suns116	SUN_0SUNL.BIN	2AD88	2AD90	老人の像	
suns117	SUN_0SUNL.BIN	2AD92	2AD94	柱	
suns118	SUN_0SUNL.BIN	2AD96	2AD9A	地面	
suns119	SUN_0SUNL.BIN	2AD9C	2AD9E	泉	
suns120	SUN_0SUNL.BIN	2ADA0	2ADA2	底	
suns121	SUN_0SUNL.BIN	2ADA4	2ADA6	水	
suns122	SUN_0SUNL.BIN	2ADA8	2ADAA	崖	
suns123	SUN_0SUNL.BIN	2ADAC	2ADAE	岩	
suns124	SUN_0SUNL.BIN	2ADB0	2ADBA	右の像の顔	
suns125	SUN_0SUNL.BIN	2ADBC	2ADC6	左の像の顔	
suns126	SUN_0SUNL.BIN	2ADC8	2ADCE	かけ台	
suns127	SUN_0SUNL.BIN	2ADD0	2ADD8	青いツボ	
suns128	SUN_0SUNL.BIN	2ADDA	2ADE2	白いツボ	
suns129	SUN_0SUNL.BIN	2ADE4	2ADEA	小ツボ	
suns130	SUN_0SUNL.BIN	2ADEC	2ADF2	小カメ	
suns131	SUN_0SUNL.BIN	2ADF4	2ADFA	うつわ	
suns132	SUN_0SUNL.BIN	2ADFC	2AE06	歯止めの軸	
suns133	SUN_0SUNL.BIN	2AE08	2AE0C	宝石	
suns134	SUN_0SUNL.BIN	2AE0E	2AE30	これは・・・！　遺跡の呪い！？　　	
suns135	SUN_0SUNL.BIN	2AE32	2AE54	何かまちがった事をしたのか・・・？	
suns136	SUN_0SUNL.BIN	2AE56	2AE78	しまった、閉じ込められた！！　　　	
suns137	SUN_0SUNL.BIN	2AE7A	2AE9C	何かまちがった事をしたのか・・・？	
